Status,Property SubType,Address,List Price,Cross street,Beds,Full baths,Half baths,Living area (ft²),Price / ft²,Year Built,Close Date,Close Price,Availability date,Garage spaces,Zip code,Lot size acres,Original list Price,Contract Date,Sold Price / ft²
"Contingent - No Show","Single Family Residence","3337 Pierce St","$3,995,000","Chestnut","4","2","0","2,435","$1,640","1924","","","","2","94123","0","$3,995,000","","$1,640"
"Sold Off MLS","Single Family Residence","2264 Beach St","$3,500,000","Baker Street","3","2","1","2,520","$1,388","1927","02/26/2026","$3,500,000","","0","94123","0","$3,500,000","02/26/2026","$1,388"
"Closed","Single Family Residence","172 Cervantes Blvd","$5,250,000","Avila Street","4","3","1","2,600","$2,019","1926","03/09/2026","$5,250,000","","2","94123","0","$5,100,000","03/02/2026","$2,019"
"Sold Off MLS","Single Family Residence","45 Capra Way","$9,600,000","Pierce St.","4","5","1","5,602","$1,713","1925","02/13/2026","$9,600,000","","0","94115","0","$9,600,000","02/12/2026","$1,713"
"Closed","Single Family Residence","2457 Bay St","$6,200,000","Lyon","5","3","2","5,080","$1,220","1937","02/11/2026","$6,200,000","","0","94123","0","$5,995,000","02/02/2026","$1,220"
"Closed","Single Family Residence","3343 Pierce St","$5,150,000","Alhambra","4","3","1","3,549","$1,451","1924","02/06/2026","$5,150,000","","2","94123","0","$4,795,000","01/20/2026","$1,451"
"Canceled","Single Family Residence","245 Alhambra St","$4,750,000","Avila","4","3","1","2,895","$1,640","1924","","","","0","94123","0","$4,750,000","","$1,640"
"Closed","Single Family Residence","135 Avila St","$4,350,000","Alhambra","3","2","1","2,606","$1,669","1925","11/24/2025","$4,350,000","","0","94123","0","$4,300,000","11/04/2025","$1,669"
"Active","Single Family Residence","3340 Baker St","$7,300,000","North Point St","5","4","1","3,630","$2,011","1927","","","","0","94123","0","$7,600,000","","$2,011"
"Closed","Single Family Residence","25 Retiro Way","$3,375,000","Beach Street","4","3","0","2,565","$1,315","1936","11/12/2025","$3,375,000","","0","94123","0","$3,485,000","10/22/2025","$1,315"
"Closed","Single Family Residence","2266 Bay St","$8,300,000","Broderick St","4","5","1","4,845","$1,713","1968","09/23/2025","$8,300,000","","0","94123","0","$8,200,000","09/18/2025","$1,713"
"Closed","Single Family Residence","2270 Beach St","$4,900,000","Baker St","3","3","1","2,870","$1,707","1927","09/12/2025","$4,900,000","","1","94123","0","$3,995,000","09/05/2025","$1,707"
"Closed","Single Family Residence","12 Rico Way","$3,544,000","Retiro","3","3","0","2,600","$1,363","1925","10/09/2025","$3,544,000","","0","94123","0","$3,875,000","09/29/2025","$1,363"
"Closed","Single Family Residence","3720 Webster St","$3,650,000","Beach","3","2","2","2,850","$1,280","1933","09/09/2025","$3,650,000","","0","94123","0","$2,995,000","08/25/2025","$1,280"
"Closed","Single Family Residence","2161 North Point St","$4,230,000","Divisadero","3","4","0","3,015","$1,402","1926","10/23/2025","$4,230,000","","2","94123","0","$4,250,000","09/22/2025","$1,402"
"Sold Off MLS","Single Family Residence","3520 Baker Street","$6,875,000","","4","4","0","3,051","$2,253","1928","05/09/2025","$6,875,000","","0","94123","0","","05/09/2025","$2,253"
"Canceled","Single Family Residence","245 Alhambra St","$4,995,000","Avila","4","3","1","2,895","$1,725","1924","","","","0","94123","0","$4,995,000","","$1,725"
"Sold Off MLS","Single Family Residence","2652 Chestnut St","$8,800,000","Lyon","5","5","1","5,114","$1,720","2014","03/25/2025","$8,800,000","","0","94123","0","$0","03/18/2025","$1,720"
"Sold Off MLS","Single Family Residence","33 Retiro Way","$3,000,000","Rico Way","3","2","0","2,250","$1,333","0","04/17/2025","$3,000,000","","0","94123","0","$2,799,000","04/17/2025","$1,333"
"Withdrawn/Canceled","Single Family Residence","3551 Scott Street","$8,995,000","","5","5","1","5,084","$1,769","1925","","","","2","94123","0","","","$1,769"
"Closed","Single Family Residence","278 Avila St","$2,625,000","Beach","4","3","0","2,637","$995","1926","04/18/2025","$2,625,000","","1","94123","0","$2,495,000","03/31/2025","$995"
"Closed","Single Family Residence","212 Avila St","$4,300,000","Capra way","3","3","0","2,666","$1,612","1925","04/02/2025","$4,300,000","","2","94123","0","$3,695,000","03/20/2025","$1,612"
"Closed","Single Family Residence","1632 North Point St","$3,060,000","Buchanan","4","2","1","2,355","$1,299","0","08/29/2025","$3,060,000","","0","94123","0","$3,495,000","08/18/2025","$1,299"
"Closed","Single Family Residence","1755 Beach St","$3,475,000","Fillmore","4","3","0","2,752","$1,262","1930","04/15/2025","$3,475,000","","0","94123","0","$3,600,000","03/24/2025","$1,262"
"Closed","Single Family Residence","3239 Webster St","$4,100,000","Chestnut","3","3","1","2,720","$1,507","1935","04/18/2025","$4,100,000","","0","94123","0","$4,100,000","03/03/2025","$1,507"
"Closed","Single Family Residence","3234 Lyon St","$3,450,000","Richardson Ave","4","3","0","3,384","$1,019","1928","03/12/2025","$3,450,000","","2","94123","0","$2,895,000","02/28/2025","$1,019"
"Closed","Single Family Residence","2370 Francisco St","$3,700,000","Broderick","5","3","0","3,681","$1,005","1927","03/20/2025","$3,700,000","","2","94123","0","$3,888,000","03/14/2025","$1,005"
"Closed","Single Family Residence","3627 Divisadero St","$7,300,000","Beach Street","4","5","1","4,320","$1,689","2023","02/12/2025","$7,300,000","","0","94123","0","$6,995,000","01/30/2025","$1,689"
"Sold","Single Family Home","3535 Webster Street 3533","$3,375,000","","6","3","","4,014","$840","1931","02/20/2025","$3,375,000","","2","94123","0","$3,650,000","01/25/2025","$840"
"Closed","Single Family Residence","2258 Beach St","$6,800,000","Baker","4","3","2","3,920","$1,734","1926","01/30/2025","$6,800,000","","1","94123","0","$5,980,000","01/17/2025","$1,734"
"Sold Off MLS","Single Family Residence","268 Avila Street","$3,400,000","","3","2","1","2,640","$1,287","1926","11/04/2024","$3,400,000","","2","94123","0","","11/03/2024","$1,287"
"Closed","Single Family Residence","169 Avila St","$4,500,000","Capra","4","2","1","2,924","$1,538","1925","12/09/2024","$4,500,000","","1","94123","0","$4,500,000","11/15/2024","$1,538"
"Canceled","Single Family Residence","2370 Francisco St","$3,988,000","Broderick","5","3","0","3,681","$1,083","1927","","","","2","94123","0","$3,988,000","","$1,083"
"Canceled","Single Family Residence","1755 Beach St","$3,400,000","Fillmore","4","3","0","2,752","$1,235","1930","","","","0","94123","0","$3,100,000","","$1,235"
"Sold Off MLS","Single Family Residence","230 Capra Way","$3,825,000","Scott","3","4","0","2,701","$1,416","0","09/18/2024","$3,825,000","","0","94123","0","$3,995,000","09/08/2024","$1,416"
"Canceled","Single Family Residence","135 Avila St","$4,300,000","Alhambra","3","2","1","2,606","$1,650","1925","","","","0","94123","0","$4,300,000","","$1,650"
"Closed","Single Family Residence","324 Avila St","$3,000,000","Prado","4","4","0","3,145","$953","0","09/26/2024","$3,000,000","","0","94123","0","$2,495,000","09/17/2024","$953"
"Closed","Single Family Residence","2479 Francisco St","$4,995,000","Baker","5","3","1","2,867","$1,742","1927","09/13/2024","$4,995,000","","0","94123","0","$4,995,000","09/06/2024","$1,742"
"Closed","Single Family Residence","3715 Broderick St","$3,299,000","Jefferson","3","3","1","2,490","$1,324","1929","10/28/2024","$3,299,000","","1","94123","0","$3,650,000","10/16/2024","$1,324"
"Closed","Single Family Residence","3300 Baker St","$3,800,000","Bay","3","3","1","2,615","$1,453","1939","04/10/2025","$3,800,000","","1","94123","0","$3,800,000","03/27/2025","$1,453"
"Closed","Single Family Residence","1372 Francisco St","$6,750,000","Gough","4","4","2","4,679","$1,442","0","09/20/2024","$6,750,000","","2","94123","0","$6,800,000","09/15/2024","$1,442"
"Expired","Single Family Residence","278 Avila St","$2,950,000","Beach","4","3","0","2,597","$1,135","1926","","","","0","94123","0","$3,538,000","","$1,135"
"Cancelled","Detached","2370 Francisco St","$4,199,000","","5","3","0","3,681","$1,140","1927","","","","2","94123","0","","","$1,140"
"Sold Off MLS","Single Family Residence","1430 Chestnut St","$2,620,000","Gough","3","2","1","2,157","$1,214","1922","09/19/2024","$2,620,000","","1","94123","0","$2,495,000","09/19/2024","$1,214"
"Closed","Single Family Residence","37 Magnolia St","$3,750,000","Laguna","4","4","2","3,382","$1,108","2010","07/31/2024","$3,750,000","","2","94123","0","$3,000,000","07/26/2024","$1,108"
"Duplicate Canceled","Single Family Residence","1275 Bay St","$4,995,000","Gough","12","6","1","7,300","$684","1924","","","","0","94123","0","$4,995,000","","$684"
"Withdrawn/Canceled","Single Family Residence","268 Avila Street","$3,795,000","","3","2","1","2,640","$1,437","1926","","","","2","94123","0","","","$1,437"
"Closed","Single Family Residence","122 Avila St","$4,100,000","Alhambra","4","2","1","2,735","$1,499","1924","07/02/2024","$4,100,000","","1","94123","0","$4,200,000","06/21/2024","$1,499"
"Closed","Single Family Residence","2240 Beach St","$4,150,000","Baker","3","3","0","2,710","$1,531","1926","05/10/2024","$4,150,000","","2","94123","0","$3,995,000","04/10/2024","$1,531"
"Closed","Single Family Residence","3725 Scott St","$4,216,875","Prado St","5","4","0","2,750","$1,533","1926","04/05/2024","$4,216,875","","1","94123","0","$4,295,000","03/29/2024","$1,533"
"Closed","Single Family Residence","3623 Buchanan St","$2,300,000","Bay","3","2","2","2,700","$851","0","01/29/2025","$2,300,000","","0","94123","","$3,295,000","12/09/2024","$851"
"Expired","Single Family Residence","230 Capra Way","$3,995,000","Scott","3","3","2","2,731","$1,462","0","","","","0","94123","0","$4,180,000","","$1,462"
"Closed","Single Family Residence","87 Cervantes Blvd","$3,350,000","Beach Street","4","3","2","2,745","$1,220","1925","03/27/2024","$3,350,000","","0","94123","0","$3,350,000","03/03/2024","$1,220"
"Closed","Single Family Residence","89 Cervantes Blvd","$2,200,000","Beach St.","4","2","1","2,415","$910","0","02/29/2024","$2,200,000","","0","94123","0","$1,995,000","02/09/2024","$910"
"Closed","Single Family Residence","3337 Pierce St","$3,400,000","Toledo","4","2","0","2,530","$1,343","0","02/22/2024","$3,400,000","","0","94123","0","$3,495,000","02/21/2024","$1,343"
"Canceled","Single Family Residence","1632 North Point St","$3,245,000","Buchanan","4","2","1","2,355","$1,377","0","","","","0","94123","0","$3,495,000","","$1,377"
"Expired","Single Family Residence","87 Cervantes","$3,500,000","","3","3","1","2,400","$1,458","0","","","","0","94123","0","$3,500,000","","$1,458"
"Canceled","Single Family Residence","3271 Baker Street","$2,998,000","","4","2","1","3,017","$993","1928","","","","0","94123","","$2,798,000","","$993"
"Canceled","Single Family Residence","230 Capra Way","$4,645,000","Scott","3","3","2","2,731","$1,700","0","","","","0","94123","0","$4,645,000","","$1,700"
"Canceled","Single Family Residence","1632 North Point St","$3,595,000","Buchanan","4","2","1","2,355","$1,526","0","","","","0","94123","0","$3,595,000","","$1,526"
"Closed","Single Family Residence","2280 Bay St","$4,275,000","Broderick St","5","3","1","3,170","$1,348","1936","11/20/2023","$4,275,000","","0","94123","0","$4,500,000","10/27/2023","$1,348"
"Canceled","Single Family Residence","3337 Pierce St","$3,495,000","Toledo","4","2","0","2,530","$1,381","0","","","","0","94123","0","$3,495,000","11/13/2023","$1,381"
"Closed","Single Family Residence","36 Prado St","$2,150,000","Scott","3","2","0","2,252","$954","1936","11/30/2023","$2,150,000","","0","94123","0","$2,249,000","11/01/2023","$954"
"Closed","Single Family Residence","3140 Lyon St","$3,178,500","Chestnut","4","4","0","3,357","$946","1927","10/27/2023","$3,178,500","","0","94123","","$2,995,000","10/06/2023","$946"
"Closed","Single Family Residence","25 Rico Way","$7,150,000","Retiro Way","3","3","1","3,600","$1,986","0","01/08/2024","$7,150,000","","0","94123","","$7,900,000","12/26/2023","$1,986"
"Closed","Single Family Residence","3150 Baker St","$3,825,000","Francisco","4","4","0","2,612","$1,464","1928","10/26/2023","$3,825,000","","0","94123","0","$4,380,000","10/12/2023","$1,464"
"Closed","Single Family Residence","39 Avila St","$3,500,000","Alhambra","4","3","0","2,485","$1,408","0","11/15/2023","$3,500,000","","0","94123","0","$3,995,000","11/03/2023","$1,408"
"Canceled","Single Family Residence","2425 Francisco St","$4,295,000","Broderick","3","4","0","2,955","$1,453","1929","","","","0","94123","0","$4,500,000","","$1,453"
"Canceled","Single Family Residence","3239 Webster St","$4,225,000","Chestnut","3","3","1","2,720","$1,553","1935","","","","0","94123","0","$4,375,000","","$1,553"
"Canceled","Single Family Home","39 Avila Street","$3,995,000","","4","3","","2,485","$1,607","1925","","","","2","94123","0","$3,995,000","","$1,607"
"Canceled","Single Family Home","3150 Baker Street","$4,688,800","","4","4","","2,612","$1,795","1928","","","","1","94123","0","$4,688,800","","$1,795"
"Canceled","Single Family Residence","3627 Divisadero St","$7,995,000","Beach Street","4","5","1","4,519","$1,769","2023","","","","0","94123","0","$8,129,600","","$1,769"
"Canceled","Single Family Residence","2425 Francisco St","$4,500,000","Broderick","3","4","0","2,955","$1,522","1929","","","","0","94123","0","$4,500,000","","$1,522"
"Closed","Single Family Residence","153 Avila St","$3,898,000","Alhambra","3","2","1","2,492","$1,564","1924","06/30/2023","$3,898,000","","0","94123","0","$3,898,000","05/24/2023","$1,564"
"Closed","Single Family Residence","45 Avila St","$3,395,000","Chestnut/Alhambra","3","3","0","2,215","$1,532","1924","05/19/2023","$3,395,000","","0","94123","0","$3,395,000","05/08/2023","$1,532"
"Closed","Single Family Residence","1665 North Point St","$3,350,000","Webster","3","3","1","2,815","$1,190","1937","06/15/2023","$3,350,000","","0","94123","0","$3,495,000","06/02/2023","$1,190"
"Sold Off MLS","Single Family Residence","112 Mallorca Way","$7,200,000","Chestnut","5","5","0","4,810","$1,496","1924","02/11/2022","$7,200,000","","0","94123","0","$6,595,000","02/08/2022","$1,496"
"Sold Off MLS","Single Family Residence","27 Avila St","$3,500,000","Chestnut","3","2","1","2,555","$1,369","1924","02/22/2022","$3,500,000","","0","94123","0","$3,500,000","11/23/2021","$1,369"
"Sold Off MLS","Single Family Residence","2328 North Point St","$9,800,000","Broderick","4","5","1","5,128","$1,911","1929","11/03/2021","$9,800,000","","0","94123","0","$9,800,000","11/03/2021","$1,911"
"Closed","Single Family Residence","148 Cervantes Blvd","$3,700,000","Avila","4","3","1","2,510","$1,474","1927","02/26/2021","$3,700,000","","0","94123","0","$3,875,000","02/01/2021","$1,474"
"Closed","Single Family Residence","237 Avila St","$3,850,000","Beach","4","3","1","2,937","$1,310","1925","11/04/2020","$3,850,000","","0","94123","0","$4,000,000","09/25/2020","$1,310"
"Sold Off MLS","Single Family Residence","120 Alhambra St","$3,050,000","Mallorca","3","2","0","2,234","$1,365","0","03/10/2021","$3,050,000","","0","94123","0","$3,050,000","01/16/2021","$1,365"
"Expired","Single Family Residence","3439 Fillmore St","$6,000,000","Chestnut","6","7","0","4,921","$1,219","1936","","","","0","94123","0","$6,000,000","","$1,219"
"Closed","Single Family Residence","2070 Beach St","$3,100,000","Divisadero","4","3","1","2,510","$1,235","1926","12/18/2020","$3,100,000","","0","94123","0","$3,250,000","11/18/2020","$1,235"
"Canceled","Single Family Residence","120 Alhambra St","$3,050,000","Mallorca","3","2","0","2,234","$1,365","1925","","","","0","94123","0","$3,050,000","","$1,365"
"Closed","Single Family Residence","154 Alhambra St","$3,316,500","Pierce","4","3","0","2,764","$1,199","1925","12/08/2020","$3,316,500","","0","94123","0","$3,995,000","11/30/2020","$1,199"
"Expired","Single Family Residence","33 Capra Way","$3,925,000","Mallorca","10","8","0","7,177","$546","1926","","","","0","94123","0","$3,925,000","","$546"
"Expired","Single Family Residence","122 Avila","$4,195,000","Alhambra","4","2","1","2,760","$1,519","2019","","","","0","94123","","$3,995,000","","$1,519"
"Duplicate Canceled","Single Family Residence","268 Mallorca Way","$6,500,000","Beach St","6","5","1","5,005","$1,298","1926","","","","0","94123","0","$6,500,000","","$1,298"
"Closed","Single Family Residence","3544 Baker St","$4,950,000","Jefferson/Beach Street","4","3","1","3,594","$1,377","1928","11/19/2020","$4,950,000","","0","94123","0","$4,950,000","10/21/2020","$1,377"
"Closed","Single Family Residence","3134 Lyon St","$3,310,000","Chestnut","3","2","1","3,180","$1,040","1927","08/31/2020","$3,310,000","","0","94123","0","$3,450,000","08/12/2020","$1,040"
"Closed","Single Family Residence","3550 Baker St","$4,995,000","Jefferson","4","3","1","3,586","$1,392","1927","08/31/2020","$4,995,000","","0","94123","0","$4,995,000","08/14/2020","$1,392"
"Closed","Single Family Residence","45 Rico Way","$4,750,000","Avila","4","3","1","3,800","$1,250","1925","05/15/2020","$4,750,000","","0","94123","0","$4,895,000","05/08/2020","$1,250"
"Closed","Single Family Residence","130 Alhambra St","$2,825,000","Mallorca Way","4","2","0","2,350","$1,202","1925","07/09/2020","$2,825,000","","0","94123","0","$2,995,000","06/26/2020","$1,202"
"Canceled","Single Family Residence","122 Avila","$4,195,000","Alhambra","4","2","1","2,760","$1,519","2019","","","","0","94123","","$4,195,000","","$1,519"
"Canceled","Single Family Residence","2922 Franklin St","$6,500,000","Chestnut St","5","5","1","4,665","$1,393","2019","","","","0","94123","0","$6,500,000","","$1,393"
"Closed","Single Family Residence","1660 North Point St","$3,660,000","Webster","4","3","0","2,945","$1,242","1933","08/25/2020","$3,660,000","","0","94123","0","$3,395,000","07/20/2020","$1,242"
"Closed","Single Family Residence","2596 Chestnut St","$3,125,000","Baker/ Broderick","4","3","0","3,404","$918","1926","08/07/2020","$3,125,000","","0","94123","0","$2,995,000","07/28/2020","$918"
"Closed","Single Family Residence","180 Alhambra St","$2,400,000","Pierce Street","4","2","0","2,864","$837","1925","07/28/2020","$2,400,000","","0","94123","0","$2,495,000","11/15/2019","$837"
"Canceled","Single Family Residence","237 Avila St","$4,295,000","Beach","4","3","1","2,937","$1,462","1925","","","","0","94123","0","$4,295,000","","$1,462"
"Closed","Single Family Residence","182 Avila St","$2,750,000","Capra","4","3","0","2,810","$978","1925","06/08/2020","$2,750,000","","0","94123","0","$2,750,000","06/04/2020","$978"
"Closed","Single Family Residence","2173 North Point St","$2,855,000","Divisadero","3","2","0","2,863","$997","1926","06/24/2020","$2,855,000","","0","94123","0","$2,495,000","06/05/2020","$997"
"Closed","Single Family Residence","3621 Scott St","$4,199,000","Beach Street","4","3","0","2,977","$1,410","1927","06/19/2020","$4,199,000","","0","94123","0","$4,199,000","06/10/2020","$1,410"
"Canceled","Single Family Residence","122 Avila","$4,450,000","Alhambra","4","2","1","2,760","$1,612","2019","","","","0","94123","","$4,450,000","","$1,612"
"Closed","Single Family Residence","2450 Francisco St","$4,575,000","Baker","5","4","1","4,096","$1,116","1933","02/07/2020","$4,575,000","","0","94123","0","$4,650,000","01/31/2020","$1,116"
"Canceled","Single Family Residence","1745 North Point St","$7,800,000","Webster St","5","4","1","4,280","$1,822","1931","","","","0","94123","0","$7,800,000","","$1,822"
"Canceled","Single Family Residence","336 Avila St","$4,995,000","Beach & Prado","5","4","1","3,645","$1,370","0","","","","0","94123","0","$4,995,000","","$1,370"
"Closed","Single Family Residence","2370 Francisco St","$3,800,000","Broderick","4","3","1","3,445","$1,103","1927","03/09/2020","$3,800,000","","0","94123","0","$4,195,000","02/28/2020","$1,103"
"Closed","Single Family Residence","3321 Octavia St","$4,412,500","Bay Street","4","3","1","3,985","$1,107","1924","12/18/2019","$4,412,500","","0","94123","0","$4,995,000","11/01/2019","$1,107"
"Closed","Single Family Residence","134 Alhambra St","$3,100,000","Mallorca","3","3","0","2,599","$1,192","1925","01/15/2020","$3,100,000","","0","94123","0","$3,400,000","12/19/2019","$1,192"
"Canceled","Single Family Residence","2450 Francisco St","$4,950,000","Baker","5","4","1","4,096","$1,208","1933","","","","0","94123","0","$5,500,000","","$1,208"
"Canceled","Single Family Residence","3134 Lyon St","$3,800,000","Chestnut","3","2","1","3,100","$1,225","1927","","","","0","94123","0","$4,235,000","","$1,225"
"Canceled","Single Family Residence","237 Avila St","$4,495,000","Capra","4","3","1","2,937","$1,530","1925","","","","0","94123","0","$4,850,000","","$1,530"
"Closed","Single Family Residence","33 Avila","$3,000,000","Chestnut","3","3","0","2,298","$1,305","0","10/21/2019","$3,000,000","","0","94123","0","$3,000,000","10/21/2019","$1,305"
"Closed","Single Family Residence","3398 Baker St","$4,300,000","North Point","5","3","0","3,525","$1,219","1928","11/15/2019","$4,300,000","","0","94123","0","$4,995,000","11/13/2019","$1,219"
"Duplicate Canceled","Single Family Residence","3624 Scott St","$3,495,000","Beach St","3","3","1","2,400","$1,456","1926","","","","0","94123","0","$3,495,000","07/10/2019","$1,456"
"Closed","Single Family Residence","1655 Beach St","$6,000,000","Fillmore","5","5","1","4,669","$1,285","1931","08/30/2019","$6,000,000","","0","94123","0","$6,500,000","08/30/2019","$1,285"
"Closed","Single Family Residence","135 Avila St","$3,525,000","Alhambra","3","2","0","2,616","$1,347","1925","08/23/2019","$3,525,000","","0","94123","0","$3,425,000","08/02/2019","$1,347"
"Closed","Single Family Residence","3560 Baker St","$8,700,000","Jefferson","5","4","1","6,055","$1,436","1929","06/28/2019","$8,700,000","","0","94123","0","$8,998,000","06/07/2019","$1,436"
"Closed","Single Family Residence","1650 Bay St","$3,115,000","Buchanan","3","2","1","2,399","$1,298","0","06/25/2019","$3,115,000","","0","94123","0","$2,995,000","05/22/2019","$1,298"
"Canceled","Single Family Residence","215 Avila St","$3,695,000","Capra","4","3","0","2,435","$1,517","1926","","","","0","94123","0","$3,695,000","","$1,517"
"Closed","Single Family Residence","2646 Chestnut St","$5,725,000","Lyon","5","4","1","4,218","$1,357","1928","05/03/2019","$5,725,000","","0","94123","0","$5,795,000","04/24/2019","$1,357"
"Closed","Single Family Residence","77 Toledo Way","$4,400,000","Pierce","4","4","0","2,740","$1,605","1925","05/07/2019","$4,400,000","","0","94123","0","$4,400,000","05/06/2019","$1,605"
"Closed","Single Family Residence","341 Avila St","$3,000,000","Prado","5","3","0","3,162","$948","1924","04/22/2019","$3,000,000","","0","94123","0","$3,500,000","04/01/2019","$948"
"Closed","Single Family Residence","278 Mallorca Way","$2,750,000","Alhambra","3","2","1","2,175","$1,264","1925","04/23/2019","$2,750,000","","0","94123","","$2,650,000","04/02/2019","$1,264"
"Duplicate Canceled","Single Family Residence","3434 Broderick St","$3,195,000","North Point","5","3","0","2,700","$1,183","1931","","","","0","94123","0","$3,195,000","","$1,183"
"Closed","Single Family Residence","148 Alhambra St","$2,825,000","Pierce Street","3","3","1","2,638","$1,070","1925","02/21/2019","$2,825,000","","0","94123","0","$2,825,000","02/08/2019","$1,070"
"Closed","Single Family Residence","51 Avila St","$5,445,000","Chestnut","4","3","1","3,375","$1,613","1924","02/08/2019","$5,445,000","","0","94123","0","$5,495,000","01/29/2019","$1,613"
"Closed","Single Family Residence","224 Avila St","$4,500,000","Capra Way","4","4","0","3,081","$1,460","1925","11/30/2018","$4,500,000","","0","94123","0","$4,895,000","11/30/2018","$1,460"
"Closed","Single Family Residence","152 Cervantes Blvd","$3,550,000","Avila","4","3","1","2,770","$1,281","1927","12/19/2018","$3,550,000","","0","94123","0","$3,990,000","12/03/2018","$1,281"
"Closed","Single Family Residence","120 Alhambra St","$3,150,000","Mallorca Way","3","2","0","2,234","$1,410","1925","03/02/2018","$3,150,000","","0","94123","","$2,595,000","02/23/2018","$1,410"
"Canceled","Single Family Residence","51 Avila St","$5,495,000","Chestnut","4","3","1","3,375","$1,628","1924","","","","0","94123","0","$5,895,000","","$1,628"
"Closed","Single Family Residence","26 Cervantes Blvd","$2,725,000","Fillmore St","3","2","1","2,250","$1,211","1925","11/16/2018","$2,725,000","","0","94123","0","$2,825,000","10/30/2018","$1,211"
"Closed","Single Family Residence","2447 Francisco St","$3,100,000","Broderick","4","3","0","3,030","$1,023","1926","11/20/2018","$3,100,000","","0","94123","0","$2,895,000","10/19/2018","$1,023"
"Closed","Single Family Residence","424 Avila St","$4,995,000","Cervantes","5","4","1","3,520","$1,419","0","09/18/2018","$4,995,000","","0","94123","","$5,295,000","07/20/2018","$1,419"
"Canceled","Single Family Residence","224 Avila St","$4,895,000","Capra Way","4","4","0","3,081","$1,588","1925","","","","0","94123","0","$4,895,000","","$1,588"
"Closed","Single Family Residence","2622 Chestnut St","$4,730,000","Lyon","5","4","1","4,207","$1,124","1925","10/03/2018","$4,730,000","","0","94123","0","$4,995,000","09/10/2018","$1,124"
"Closed","Single Family Residence","1446 Francisco St","$3,700,000","Gough","4","2","1","2,820","$1,312","1923","08/10/2018","$3,700,000","","0","94123","0","$3,895,000","07/19/2018","$1,312"
"Closed","Single Family Residence","831 Marina Blvd","$4,100,000","Baker","3","3","1","3,128","$1,310","1938","07/05/2018","$4,100,000","","0","94123","0","$3,500,000","06/11/2018","$1,310"
"Closed","Single Family Residence","268 Mallorca Way","$6,050,000","Beach","5","5","1","5,003","$1,209","0","05/25/2018","$6,050,000","","0","94123","0","$7,000,000","05/25/2018","$1,209"
"Expired","Single Family Residence","2526 Francisco St","$5,188,000","Baker","5","4","1","3,845","$1,349","1927","","","","0","94123","0","$5,188,000","","$1,349"
"Closed","Single Family Residence","3621 Scott St","$4,100,000","Beach","4","3","0","2,895","$1,416","1927","05/31/2018","$4,100,000","","0","94123","0","$4,475,000","05/18/2018","$1,416"
"Closed","Single Family Residence","2427 Bay St","$5,500,000","Baker","4","3","0","2,955","$1,861","1929","03/17/2018","$5,500,000","","0","94123","0","$5,500,000","03/17/2018","$1,861"
"Closed","Single Family Residence","130 Alhambra","$2,450,000","Mallorca","3","2","0","2,115","$1,158","1925","03/13/2018","$2,450,000","","0","94123","0","$2,395,000","02/13/2018","$1,158"
"Canceled","Single Family Residence","2622 Chestnut St","$4,895,000","Lyon","5","4","1","4,005","$1,222","1925","","","","0","94123","","$5,195,000","","$1,222"
"Closed","Single Family Residence","2537 Chestnut St","$3,028,000","Divisadero","4","2","0","2,660","$1,138","1938","04/11/2018","$3,028,000","","0","94123","0","$2,695,000","03/21/2018","$1,138"
"Closed","Single Family Residence","31 Rico Way","$6,200,000","Retiro Way","4","3","1","4,004","$1,548","0","02/28/2018","$6,200,000","","0","94123","0","$6,200,000","02/07/2018","$1,548"
"Closed","Single Family Residence","245 Alhambra St","$4,421,000","Avila","4","3","1","2,895","$1,527","1924","02/16/2018","$4,421,000","","0","94123","","$4,395,000","02/01/2018","$1,527"
"Closed","Single Family Residence","47 Magnolia St","$3,900,000","Laguna and Buchanan","3","3","1","2,700","$1,444","1926","02/06/2018","$3,900,000","","0","94123","0","$3,495,000","01/22/2018","$1,444"
"Expired","Single Family Residence","2526 Francisco St","$5,188,000","Baker","5","4","1","3,945","$1,315","1927","","","","0","94123","0","$5,588,000","","$1,315"
"Closed","Single Family Residence","1256 Francisco St","$3,688,000","Franklin","9","3","1","5,081","$725","1925","01/05/2018","$3,688,000","","0","94123","0","$3,895,000","01/03/2018","$725"
"Closed","Single Family Residence","33 Capra Way","$2,605,000","Mallorca","3","2","1","2,110","$1,234","1926","10/13/2017","$2,605,000","","0","94123","0","$1,999,000","09/25/2017","$1,234"
"Closed","Single Family Residence","196 Avila St","$4,995,000","Capra","3","3","1","3,231","$1,545","0","10/19/2017","$4,995,000","","0","94123","0","$5,400,000","09/15/2017","$1,545"
"Closed","Single Family Residence","3235 Webster St","$3,375,000","Chestnut","3","2","0","2,460","$1,371","1935","10/18/2017","$3,375,000","","0","94123","0","$3,680,000","10/13/2017","$1,371"
"Closed","Single Family Residence","2028 Jefferson St","$2,807,000","Baker","3","2","1","2,106","$1,332","1930","07/27/2017","$2,807,000","","0","94123","0","$2,995,000","07/25/2017","$1,332"
"Closed","Single Family Residence","3239 Webster St","$4,400,000","Chestnut","3","3","1","2,720","$1,617","1935","07/14/2017","$4,400,000","","0","94123","0","$3,995,000","07/07/2017","$1,617"
"Closed","Single Family Residence","235 Mallorca Way","$3,000,000","Capra","3","3","0","2,253","$1,331","1937","05/15/2017","$3,000,000","","0","94123","0","$3,000,000","05/15/2017","$1,331"
"Closed","Single Family Residence","290 Avila St","$5,800,000","Beach Street","5","4","1","4,306","$1,346","0","05/26/2017","$5,800,000","","0","94123","","$5,695,000","05/26/2017","$1,346"
"Closed","Single Family Residence","3258 Lyon St","$2,910,000","Bay","3","3","0","2,078","$1,400","1927","05/02/2017","$2,910,000","","0","94123","0","$2,595,000","04/21/2017","$1,400"
"Closed","Single Family Residence","3742 Divisadero St","$2,625,000","Jefferson","3","2","0","2,300","$1,141","1927","05/12/2017","$2,625,000","","0","94123","0","$2,595,000","05/02/2017","$1,141"
"Expired","Single Family Residence","2526 Francisco St","$5,988,000","Baker","5","4","1","3,945","$1,517","1927","","","","0","94123","0","$5,988,000","","$1,517"
"Closed","Single Family Residence","2161 North Point St","$3,800,000","Divisadero/Scott","4","4","0","3,106","$1,223","1926","06/08/2017","$3,800,000","","0","94123","0","$3,295,000","06/01/2017","$1,223"
"Closed","Single Family Residence","2652 Chestnut St","$7,000,000","Lyon","5","6","0","4,870","$1,437","2014","06/06/2017","$7,000,000","","0","94123","0","$7,539,000","06/02/2017","$1,437"
"Closed","Single Family Residence","3724 Divisadero St","$3,700,000","Beach","3","2","0","2,090","$1,770","1926","05/24/2017","$3,700,000","","0","94123","0","$3,600,000","05/24/2017","$1,770"
"Closed","Single Family Residence","3107 Franklin St","$2,180,000","Francisco","3","2","0","2,145","$1,016","1922","05/17/2017","$2,180,000","","0","94123","0","$1,950,000","05/10/2017","$1,016"
"Expired","Single Family Residence","2140 Jefferson St","$8,000,000","Lyon Street","5","6","1","7,000","$1,142","1940","","","","0","94123","0","$9,250,000","","$1,142"
"Expired","Single Family Residence","87 Cervantes","$3,500,000","Fillmore","3","3","1","2,400","$1,458","0","","","","0","94123","0","$3,500,000","","$1,458"
"Closed","Single Family Residence","3166 Baker St","$2,800,000","Francisco","3","3","1","2,010","$1,393","1926","04/14/2017","$2,800,000","","0","94123","0","$2,750,000","04/07/2017","$1,393"
"Closed","Single Family Residence","39 Avila St","$3,445,000","Chestnut","3","3","0","2,465","$1,397","1925","04/15/2016","$3,445,000","","0","94123","","$3,495,000","04/08/2016","$1,397"
"Closed","Single Family Residence","3157 Baker St","$3,260,000","Francisco","5","3","1","3,646","$894","2003","02/10/2017","$3,260,000","","0","94123","0","$3,690,000","02/03/2017","$894"
"Closed","Single Family Residence","2225 Bay St","$2,550,000","Divisadero","3","2","1","2,791","$913","1927","12/22/2016","$2,550,000","","0","94123","0","$2,688,000","12/22/2016","$913"
"Canceled","Single Family Residence","2652 Chestnut St","$7,539,000","Lyon","5","6","0","4,870","$1,548","2013","","","","0","94123","0","$7,539,000","","$1,548"
"Expired","Single Family Residence","2526 Francisco St","$6,200,000","Baker","5","4","1","3,945","$1,571","1927","","","","0","94123","0","$6,200,000","","$1,571"
"Canceled","Single Family Residence","3159 Baker St","$4,990,000","Francisco","6","4","0","4,680","$1,066","1927","","","","0","94123","0","$5,888,000","","$1,066"
"Closed","Single Family Residence","25 Rico Way","$4,998,000","Retiro Way","3","3","1","3,361","$1,487","2003","11/08/2016","$4,998,000","","0","94123","0","$4,998,000","10/22/2016","$1,487"
"Closed","Single Family Residence","2070 Beach St","$3,125,000","Divisadero","4","3","1","2,154","$1,450","1926","10/11/2016","$3,125,000","","0","94123","0","$2,625,000","09/18/2016","$1,450"
"Closed","Single Family Residence","3211 Baker St","$4,605,000","Francisco","4","3","1","3,260","$1,412","1928","08/26/2016","$4,605,000","","0","94123","","$4,500,000","08/13/2016","$1,412"
"Closed","Single Family Residence","63 Rico Way","$2,895,000","Retiro Way","3","2","0","2,145","$1,349","0","08/03/2016","$2,895,000","","0","94123","0","$2,895,000","08/03/2016","$1,349"
"Closed","Single Family Residence","3041 Baker St","$3,150,000","Lombard","3","2","0","2,916","$1,080","1924","08/01/2016","$3,150,000","","0","94123","0","$3,249,000","07/18/2016","$1,080"
"Canceled","Single Family Residence","2140 Jefferson St","$9,250,000","Lyon Street","5","6","1","7,000","$1,321","1940","","","","0","94123","0","$9,250,000","","$1,321"
"Closed","Single Family Residence","148 Alhambra St","$2,500,000","Pierce Street","3","3","1","2,250","$1,111","1925","08/03/2016","$2,500,000","","0","94123","0","$2,825,000","06/30/2016","$1,111"
"Closed","Single Family Residence","3600 Lyon St","$3,150,000","Marina Blvd","3","3","1","2,216","$1,421","1940","07/15/2016","$3,150,000","","0","94123","0","$3,499,000","07/13/2016","$1,421"
"Canceled","Single Family Residence","44 Mallorca","$6,995,000","Chestnut","5","5","1","4,867","$1,437","0","","","","0","94123","","$7,495,000","","$1,437"
"Expired","Single Family Residence","87 Cervantes Blvd","$2,995,000","Beach St.","3","3","1","2,415","$1,240","1925","","","","0","94123","0","$3,345,000","","$1,240"
"Canceled","Single Family Residence","1650 Bay St","$3,880,000","Buchanan","3","2","0","3,800","$1,021","1937","","","","0","94123","0","$3,880,000","","$1,021"
"Closed","Single Family Residence","3518 Webster St","$2,700,000","North Point","3","3","0","2,060","$1,310","1935","04/08/2016","$2,700,000","","0","94123","0","$2,650,000","03/31/2016","$1,310"
"Closed","Single Family Residence","2222 Bay St","$2,950,000","Divisadero","3","3","0","2,409","$1,224","1929","07/05/2016","$2,950,000","","0","94123","0","$2,995,000","06/18/2016","$1,224"
"Closed","Single Family Residence","3624 Scott St","$2,700,000","Beach","3","2","1","2,400","$1,125","0","05/31/2016","$2,700,000","","0","94123","","$2,895,000","05/06/2016","$1,125"
"Closed","Single Family Residence","2266 Bay St","$2,650,000","Broderick","3","3","0","2,600","$1,019","1968","04/18/2016","$2,650,000","","0","94123","0","$2,199,000","04/07/2016","$1,019"
"Closed","Single Family Residence","41 Rico Way","$3,650,000","Avila","4","4","0","3,000","$1,216","1926","03/23/2016","$3,650,000","","0","94123","","$4,000,000","03/18/2016","$1,216"
"Closed","Single Family Residence","133 Richardson Ave","$2,080,000","Chestnut","3","3","0","2,323","$895","1939","01/07/2016","$2,080,000","","0","94123","0","$2,300,000","12/21/2015","$895"
"Closed","Single Family Residence","3315 Pierce St","$2,500,000","Chestnut St","3","3","1","2,255","$1,108","1925","01/07/2016","$2,500,000","","0","94123","0","$2,699,000","12/23/2015","$1,108"
"Canceled","Single Family Residence","87 Cervantes Blvd","$2,995,000","Beach St.","4","4","1","2,800","$1,069","1925","","","","0","94123","0","$2,995,000","","$1,069"
"Closed","Single Family Residence","146 Avila St","$3,025,000","alhambra","3","2","1","2,100","$1,440","1924","12/24/2015","$3,025,000","","0","94123","0","$2,995,000","12/09/2015","$1,440"
"Closed","Single Family Residence","2146 Bay St","$7,100,000","Scott","4","5","1","4,774","$1,487","1925","11/24/2015","$7,100,000","","0","94123","0","$7,100,000","11/24/2015","$1,487"
"Closed","Single Family Residence","1745 North Point","$4,400,000","Webster","5","5","0","3,776","$1,165","0","05/29/2015","$4,400,000","","0","94123","0","$4,400,000","05/29/2015","$1,165"
"Closed","Single Family Residence","207 Avila St","$3,750,000","Capra Way","4","2","1","2,040","$1,838","1926","09/10/2015","$3,750,000","","0","94123","0","$2,900,000","09/02/2015","$1,838"
"Closed","Single Family Residence","2622 Chestnut St","$4,600,000","Lyon","5","4","1","4,210","$1,092","1925","06/17/2015","$4,600,000","","0","94123","0","$4,995,000","06/02/2015","$1,092"
"Closed","Single Family Residence","3741 Scott St","$3,400,000","Jefferson","3","3","1","2,655","$1,280","1926","06/15/2015","$3,400,000","","0","94123","0","$3,195,000","05/22/2015","$1,280"
"Closed","Single Family Residence","75 Rico Way","$3,825,000","Avila","4","3","0","3,017","$1,267","1931","04/07/2015","$3,825,000","","0","94123","","$3,595,000","04/02/2015","$1,267"
"Closed","Single Family Residence","135 Marina Blvd","$3,800,000","Webster","3","3","1","2,756","$1,378","1934","04/08/2015","$3,800,000","","0","94123","0","$3,349,000","03/25/2015","$1,378"
"Closed","Single Family Residence","3108 Franklin St","$2,975,000","Francisco","3","3","1","2,395","$1,242","1922","10/23/2014","$2,975,000","","0","94123","0","$2,698,000","09/22/2014","$1,242"
"Closed","Single Family Residence","3560 Baker St","$7,100,000","Jefferson","5","3","1","5,895","$1,204","1929","10/31/2014","$7,100,000","","0","94123","0","$6,900,000","10/02/2014","$1,204"
"Closed","Single Family Residence","2526 Francisco St","$3,800,000","Baker","5","4","1","3,945","$963","1927","10/01/2014","$3,800,000","","0","94123","0","$3,695,000","09/11/2014","$963"
"Closed","Single Family Residence","2159 Bay St","$5,445,000","Divisadero","5","4","0","4,500","$1,210","1927","09/16/2014","$5,445,000","","0","94123","0","$4,995,000","09/15/2014","$1,210"
"Closed","Single Family Residence","3456 Baker St","$4,650,000","Beach","4","3","1","3,140","$1,480","1927","08/13/2014","$4,650,000","","0","94123","","$4,500,000","08/07/2014","$1,480"
"Closed","Single Family Residence","290 Avila St","$3,430,000","Beach","3","3","0","3,424","$1,001","0","07/17/2014","$3,430,000","","0","94123","","$3,300,000","07/14/2014","$1,001"
"Closed","Single Family Residence","2652 Chestnut St","$7,025,000","Lyon","5","6","0","4,870","$1,442","2014","06/20/2014","$7,025,000","","0","94123","","$6,600,000","06/13/2014","$1,442"
"Canceled","Single Family Residence","2526 Francisco St","$3,885,000","Baker","5","4","1","3,945","$984","1927","","","","0","94123","0","$3,885,000","","$984"
"Closed","Single Family Residence","145 Magnolia St","$3,625,000","Buchanan Street","5","4","0","3,400","$1,066","2000","05/16/2014","$3,625,000","","0","94123","","$3,195,000","04/25/2014","$1,066"
"Closed","Single Family Residence","3211 Baker St","$2,435,000","Francisco","3","2","0","2,030","$1,199","1928","06/26/2014","$2,435,000","","0","94123","0","$1,995,000","06/24/2014","$1,199"
"Closed","Single Family Residence","196 Avila St","$3,680,000","Capra","4","4","0","3,231","$1,138","1935","06/06/2014","$3,680,000","","0","94123","","$3,800,000","06/04/2014","$1,138"
"Closed","Single Family Residence","3621 Broderick St","$3,700,000","Jefferson","4","4","1","3,122","$1,185","1927","05/09/2014","$3,700,000","","0","94123","0","$2,795,000","04/15/2014","$1,185"
"Closed","Single Family Residence","2530 Francisco St","$3,150,000","Baker","4","3","0","3,000","$1,050","1928","05/14/2014","$3,150,000","","0","94123","0","$2,895,000","05/07/2014","$1,050"
"Closed","Single Family Residence","230 Capra","$3,050,000","Scott","3","4","0","2,731","$1,116","0","04/08/2014","$3,050,000","","0","94123","0","$2,895,000","03/12/2014","$1,116"
"Closed","Single Family Residence","3430 Baker St","$4,500,000","Beach","5","4","0","2,830","$1,590","1928","03/05/2014","$4,500,000","","0","94123","","$3,995,000","03/04/2014","$1,590"
"Closed","Single Family Residence","1650 Bay St","$2,125,000","Buchanan","3","2","1","2,310","$919","1937","10/25/2013","$2,125,000","","0","94123","","$2,250,000","10/21/2013","$919"
"Closed","Single Family Residence","2451 Bay St","$3,250,000","Lyon","4","2","0","2,432","$1,336","1929","11/27/2013","$3,250,000","","0","94123","0","$2,375,000","11/20/2013","$1,336"
"Closed","Single Family Residence","35 Rico Way","$2,400,000","Retiro","3","3","0","2,245","$1,069","1926","09/12/2013","$2,400,000","","0","94123","","$2,200,000","08/23/2013","$1,069"
"Canceled","Single Family Residence","1650 Bay St","$2,250,000","Buchanan","3","2","1","2,310","$974","1937","","","","0","94123","","$2,250,000","","$974"
"Closed","Single Family Residence","134 Alhambra","$2,407,700","Mallorca Way","3","3","0","2,599","$926","0","08/13/2013","$2,407,700","","0","94177","","$2,395,000","07/22/2013","$926"
"Closed","Single Family Residence","2596 Chestnut","$1,872,500","Richardson","3","2","0","2,488","$752","1926","07/19/2013","$1,872,500","","0","94123","","$1,950,000","07/15/2013","$752"
"Closed","Single Family Residence","212 Avila St","$2,625,000","Capra Way","3","3","0","2,554","$1,027","0","05/15/2013","$2,625,000","","0","94123","","$2,149,000","05/01/2013","$1,027"
"Closed","Single Family Residence","265 Avila","$2,275,000","Beach","3","2","0","2,200","$1,034","0","06/20/2013","$2,275,000","","0","94123","","$2,395,000","06/11/2013","$1,034"
"Closed","Single Family Residence","63 Rico Way","$2,410,000","Avila","3","2","0","2,165","$1,113","1925","06/21/2013","$2,410,000","","0","94123","","$2,300,000","06/03/2013","$1,113"
"Closed","Single Family Residence","3321 Octavia St","$4,415,000","Francisco","4","3","1","3,945","$1,119","1924","06/25/2013","$4,415,000","","0","94123","","$4,150,000","06/19/2013","$1,119"
"Closed","Single Family Residence","55 Retiro Way","$2,750,000","Rico","5","3","0","2,593","$1,060","1927","05/01/2013","$2,750,000","","0","94123","","$2,995,000","04/12/2013","$1,060"
"Closed","Single Family Residence","224 Avila St","$2,950,000","Capra Way","4","4","0","3,025","$975","1925","04/17/2013","$2,950,000","","0","94123","","$2,700,000","04/10/2013","$975"
"Closed","Single Family Residence","1372 Francisco St","$1,800,000","Gough","3","2","0","2,172","$828","1922","12/28/2012","$1,800,000","","0","94123","","$1,800,000","12/21/2012","$828"
"Closed","Single Family Residence","1726 North Point St","$2,862,500","Webster","4","3","1","3,400","$841","1938","11/30/2012","$2,862,500","","0","94123","","$2,925,000","11/12/2012","$841"
"Closed","Single Family Residence","3124 Baker St","$1,715,000","Francisco","4","2","0","2,905","$590","1931","11/09/2012","$1,715,000","","0","94123","","$1,595,000","11/02/2012","$590"
"Closed","Single Family Residence","3124 Gough St","$2,400,000","Chestnut","3","3","0","2,446","$981","1923","11/02/2012","$2,400,000","","0","94123","","$2,195,000","10/24/2012","$981"
"Closed","Single Family Residence","1410 Jefferson St","$1,975,000","Webster","3","3","0","2,953","$668","1931","09/19/2012","$1,975,000","","0","94123","","$1,850,000","09/12/2012","$668"
"Closed","Single Family Residence","424 Avila St","$3,500,000","Cervantes","5","4","1","3,516","$995","0","07/11/2012","$3,500,000","","0","94123","","$3,500,000","07/11/2012","$995"
"Expired","Single Family Residence","145 Magnolia St","$2,995,000","Buchanan","5","4","1","3,400","$880","2000","","","","0","94123","","$3,250,000","","$880"
"Canceled","Single Family Residence","3012 Gough St","$1,789,000","Chestnut","3","2","1","2,070","$864","1924","","","","0","94123","","$1,789,000","","$864"
"Closed","Single Family Residence","3518 Webster St","$1,535,000","Bay","3","2","0","2,060","$745","1935","01/27/2012","$1,535,000","","0","94123","","$1,500,000","12/21/2011","$745"
"Closed","Single Family Residence","31 Rico Way","$1,620,000","Retiro","4","3","0","2,867","$565","1925","03/27/2012","$1,620,000","","0","94123","","$1,550,000","03/15/2012","$565"
"Closed","Single Family Residence","3700 Broderick St","$2,400,000","Jefferson","3","3","1","2,575","$932","1932","03/16/2012","$2,400,000","","0","94123","","$2,400,000","03/12/2012","$932"
"Closed","Single Family Residence","145 Magnolia St","$2,850,000","Buchanan","5","4","1","3,400","$838","2000","03/01/2012","$2,850,000","","0","94123","","$2,995,000","02/25/2012","$838"
"Closed","Single Family Residence","1751 North Point St","$2,500,000","Fillmore","3","4","0","3,474","$719","1931","02/03/2012","$2,500,000","","0","94123","","$2,500,000","01/18/2012","$719"
"Closed","Single Family Residence","845 Marina Blvd","$2,875,000","Baker","4","3","1","3,766","$763","1941","12/13/2011","$2,875,000","","0","94123","","$2,995,000","12/09/2011","$763"
"Closed","Single Family Residence","3335 Broderick St","$1,625,000","Francisco","3","2","1","2,201","$738","1940","10/28/2011","$1,625,000","","0","94123","","$1,750,000","10/27/2011","$738"
"Closed","Single Family Residence","1639 North Point St","$2,050,000","Buchanan","5","4","0","3,846","$533","1935","08/16/2011","$2,050,000","","0","94123","","$2,200,000","07/30/2011","$533"
"Closed","Single Family Residence","133 Richardson Ave","$1,100,000","Francisco","3","3","0","2,323","$473","1938","09/21/2011","$1,100,000","","0","94123","","$1,295,000","09/06/2011","$473"
"Closed","Single Family Residence","112 Mallorca Way","$3,479,000","Alhambra","5","4","1","4,669","$745","1924","07/14/2011","$3,479,000","","0","94123","","$3,479,000","07/11/2011","$745"
"Closed","Single Family Residence","129 Marina Blvd","$2,250,000","Beach","4","3","0","2,900","$775","1936","07/06/2011","$2,250,000","","0","94123","","$2,195,000","05/23/2011","$775"
"Canceled","Single Family Residence","2435 Chestnut St","$1,950,000","Divisadero","4","3","0","3,300","$590","1924","","","","0","94123","","$1,950,000","","$590"
"Closed","Single Family Residence","3337 Pierce","$1,975,000","Chestnut","3","2","0","2,530","$780","1924","06/17/2011","$1,975,000","","0","94123","","$1,998,000","06/02/2011","$780"
"Closed","Single Family Residence","2050 Jefferson St","$2,580,000","Baker","3","3","1","3,780","$682","1937","03/04/2011","$2,580,000","","0","94123","","$2,750,000","02/22/2011","$682"
"Closed","Single Family Residence","26 Cervantes","$1,600,000","fillmore","3","2","1","2,200","$727","1925","04/26/2011","$1,600,000","","0","94123","","$1,595,000","04/22/2011","$727"
"Closed","Single Family Residence","3265 Baker St","$3,250,000","Bay","5","3","1","4,300","$755","0","12/06/2010","$3,250,000","","0","94123","","$3,499,000","12/05/2010","$755"
"Closed","Single Family Residence","3343 Pierce","$2,600,000","Chestnut","3","3","1","3,496","$743","1924","11/19/2010","$2,600,000","","0","94123","","$2,775,000","11/17/2010","$743"
"Closed","Single Family Residence","2159 Bay","$3,600,000","Scott","4","3","1","4,215","$854","0","01/14/2011","$3,600,000","","0","94123","","$3,799,000","11/28/2010","$854"
"Closed","Single Family Residence","2140 Jefferson St","$6,500,000","Lyon","5","5","1","7,000","$928","1940","01/15/2010","$6,500,000","","0","94123","","$8,180,000","01/13/2010","$928"
"Closed","Single Family Residence","284 Avila St","$1,700,000","Beach","3","2","0","2,562","$663","1926","10/08/2010","$1,700,000","","0","94123","","$1,649,000","09/20/2010","$663"
"Closed","Single Family Residence","45 Avila St","$1,800,000","Chestnut","3","3","0","2,160","$833","0","11/05/2010","$1,800,000","","0","94123","","$1,895,000","11/03/2010","$833"
"Closed","Single Family Residence","159 Cervantes Blvd","$1,875,000","Avila","3","2","1","2,180","$860","1930","08/11/2010","$1,875,000","","0","94123","","$1,895,000","08/02/2010","$860"
"Closed","Single Family Residence","3426 Broderick","$2,575,000","Bay","4","3","1","3,250","$792","1932","08/27/2010","$2,575,000","","0","94123","","$2,665,000","08/23/2010","$792"
"Closed","Single Family Residence","3146 Lyon","$581,000","Richardson & Chestnut","3","2","1","2,240","$259","1927","06/23/1995","$581,000","","0","","","$581,000","04/12/1995","$259"
"Canceled","Single Family Residence","26 Cervantes Blvd","$1,695,000","alhambra","3","2","0","2,200","$770","0","","","","0","94123","","$1,695,000","","$770"
"Closed","Single Family Residence","3235 Webster St","$1,993,705","Chestnut","3","2","0","2,509","$794","1935","08/10/2010","$1,993,705","","0","94123","","$2,195,000","08/02/2010","$794"
"Canceled","Single Family Residence","3271 Baker St","$1,895,000","Bay","4","2","1","3,000","$631","1928","","","","0","94123","","$2,385,000","","$631"
"Closed","Single Family Residence","3535 Broderick St","$1,595,000","Beach St.","3","2","1","2,330","$684","1927","06/23/2010","$1,595,000","","0","94123","","$1,549,000","05/03/2010","$684"
"Canceled","Single Family Residence","3157 Baker St","$3,495,000","Lombard","5","4","0","3,600","$970","2004","","","","0","94123","","$3,495,000","","$970"
"Expired","Single Family Residence","3157 Baker St","$3,695,000","Lombard","5","3","1","4,000","$923","2006","","","","0","94123","","$3,695,000","","$923"
"Closed","Single Family Residence","148 Alhambra St","$2,050,000","Pierce","3","3","1","2,301","$890","1925","02/12/2007","$2,050,000","","0","94123","","$2,050,000","01/26/2007","$890"
"Canceled","Single Family Residence","3159 Baker St","$3,250,000","Francisco","6","4","0","4,023","$807","1927","","","","0","94123","","$3,895,000","","$807"
"Closed","Single Family Residence","3750 Divisadero St","$2,517,500","Jefferson","4","3","1","3,490","$721","1927","10/23/2009","$2,517,500","","0","94123","","$2,695,000","10/19/2009","$721"
"Closed","Single Family Residence","2027 Jefferson St","$2,100,000","Broderick","4","3","1","3,277","$640","1927","10/14/2009","$2,100,000","","0","94123","","$1,895,000","09/22/2009","$640"
"Canceled","Single Family Residence","3271 Baker St","$2,250,000","Bay","4","2","1","3,000","$750","1928","","","","0","94123","","$1,969,000","","$750"
"Canceled","Single Family Residence","148 Alhambra St","$1,999,000","Pierce","3","3","1","2,301","$868","0","","","","0","94123","","$2,149,000","","$868"
"Closed","Single Family Residence","118 Cervantes Blvd","$2,430,000","Beach","4","4","1","2,992","$812","1927","08/21/2009","$2,430,000","","0","94123","","$3,000,000","08/18/2009","$812"
"Closed","Single Family Residence","2596 Chestnut St","$1,330,000","Richardson","3","2","0","2,117","$628","0","06/10/2009","$1,330,000","","0","94123","","$1,695,000","06/01/2009","$628"
"Closed","Single Family Residence","47 Magnolia St","$2,216,500","Laguna and Buchanan","3","3","1","2,700","$820","2009","05/29/2009","$2,216,500","","0","94123","","$2,500,000","05/06/2009","$820"
"Expired","Single Family Residence","3456 Baker St","$3,950,000","Beach","4","3","1","2,240","$1,763","1927","","","","0","94123","","$3,400,000","","$1,763"
"Closed","Single Family Residence","3456 Baker St","$3,450,000","Beach","4","3","1","2,240","$1,540","1927","07/17/2007","$3,450,000","","0","94123","","$3,950,000","05/31/2007","$1,540"
"Canceled","Single Family Residence","145 Mallorca Way","$2,895,000","Alhambra","4","4","0","3,493","$828","1929","","","","0","94123","","$2,995,000","","$828"
"Canceled","Single Family Residence","159 Cervantes Blvd","$2,295,000","Avila","3","2","1","2,180","$1,052","1930","","","","0","94123","","$2,295,000","","$1,052"
"Closed","Single Family Residence","2646 Chestnut","$2,300,000","Lyon","3","2","1","3,640","$631","1928","05/01/2009","$2,300,000","","0","94123","","$2,700,000","04/24/2009","$631"
"Canceled","Single Family Residence","3271 Baker St","$2,125,000","Bay","4","2","1","3,017","$704","1928","","","","0","94123","","$2,595,000","","$704"
"Canceled","Single Family Residence","3627 Scott St","$1,998,000","North Point","4","3","0","2,589","$771","1927","","","","0","94123","","$2,200,000","04/05/2009","$771"
"Closed","Single Family Residence","2652 Chestnut St","$1,400,000","Lyon Street","4","3","0","2,320","$603","1924","04/10/2009","$1,400,000","","0","94123","","$1,700,000","04/10/2009","$603"
"Canceled","Single Family Residence","133 Richardson Ave","$1,600,000","Francisco","3","3","0","2,323","$688","1938","","","","0","94123","","$1,600,000","","$688"
"Canceled","Single Family Residence","3541 Broderick","$1,609,000","Beach","3","3","0","2,600","$618","1927","","","","0","94123","","$1,609,000","","$618"
"Closed","Single Family Residence","3310 Baker","$4,500,000","Bay","5","5","0","4,709","$955","1940","01/21/2009","$4,500,000","","0","94123","","$5,400,000","01/16/2009","$955"
"Closed","Single Family Residence","134 Alhambra St","$1,699,000","Pierce","3","3","0","2,599","$653","1925","11/16/2004","$1,699,000","","0","94123","","$1,795,000","11/01/2004","$653"
"Canceled","Single Family Residence","3525 Broderick","$1,849,000","Beach","3","3","0","2,781","$664","1927","","","","0","94123","","$1,845,000","","$664"
"Closed","Single Family Residence","2429 Francisco","$635,000","Baker","3","2","0","2,725","$233","1926","01/10/1994","$635,000","","0","94123","","$635,000","11/17/1993","$233"
"Expired","Single Family Residence","172 Cervantes","$769,000","Beach/Avila","4","3","0","2,700","$284","1926","","","","0","94123","","$779,950","","$284"
"Canceled","Single Family Residence","3544 Baker","$3,250,000","Jefferson","4","3","1","3,473","$935","1928","","","","0","94123","","$3,395,000","","$935"
"Closed","Single Family Residence","3520 Baker","$2,100,000","Beach","4","3","1","3,200","$656","0","12/01/1998","$2,100,000","","0","94123","","$2,100,000","11/13/1998","$656"
"Closed","Single Family Residence","1430 Jefferson","$1,225,000","Webster","5","3","1","3,080","$397","1932","01/29/1998","$1,225,000","","0","94123","","$1,200,000","12/10/1997","$397"
"Closed","Single Family Residence","1331 Francisco","$1,050,000","Franklin/Gough","3","2","1","2,765","$379","0","07/31/1997","$1,050,000","","0","94123","","$1,050,000","07/09/1997","$379"
"Canceled","Single Family Residence","1331 Francisco","$999,000","Franklin/Gough","3","2","1","2,765","$361","0","","","","0","94123","","$0","","$361"
"Canceled","Single Family Residence","3460 Baker","$1,250,000","Beach","4","3","0","3,000","$416","0","","","","0","94123","","$0","06/03/1996","$416"
"Canceled","Single Family Residence","1384 Francisco St","$1,995,000","Gough","3","2","0","2,052","$972","0","","","","0","94123","","$1,995,000","","$972"
"Expired","Single Family Residence","2652 Chestnut St","$1,900,000","Lyon Street","4","3","0","2,320","$818","1924","","","","0","94123","","$1,900,000","","$818"
"Expired","Single Family Residence","3157 Baker St","$5,000,000","Lombard","5","4","0","5,600","$892","2004","","","","0","94123","","$5,000,000","","$892"
"Canceled","Single Family Residence","3271 Baker St","$2,998,000","Bay","4","2","1","3,017","$993","1928","","","","0","94123","","$2,798,000","","$993"
"Closed","Single Family Residence","239 Mallorca Way","$2,510,000","Cervantes","3","4","1","2,660","$943","1933","08/08/2008","$2,510,000","","0","94123","","$2,695,000","07/11/2008","$943"
"Expired","Single Family Residence","2652 Chestnut St","$2,085,000","Lyon Street","3","3","0","2,324","$897","1924","","","","0","94123","","$2,195,000","","$897"
"Canceled","Single Family Residence","3271 Baker St","$2,998,000","Bay","4","2","1","3,017","$993","1928","","","","0","94123","","$3,395,000","","$993"
"Closed","Single Family Residence","153 Avila St","$2,975,000","Capra Way","3","2","1","2,474","$1,202","1925","05/15/2008","$2,975,000","","0","94123","","$2,695,000","05/01/2008","$1,202"
"Closed","Single Family Residence","827 Marina","$2,995,000","Baker","4","4","1","3,226","$928","0","04/04/2008","$2,995,000","","0","94123","","$2,995,000","03/04/2008","$928"
"Closed","Single Family Residence","3335 Pierce St","$1,975,000","Chestnut Street","3","2","0","2,300","$858","1924","11/27/2006","$1,975,000","","0","94123","","$1,995,000","11/13/2006","$858"
"Closed","Single Family Residence","2150 Beach","$1,100,000","Divisadero/Broderick","4","2","0","2,125","$517","1937","07/23/1999","$1,100,000","","0","94123","","$1,400,000","06/28/1999","$517"
"Closed","Single Family Residence","3200 Baker","$680,000","Francisco","3","2","1","3,000","$226","1926","11/07/1997","$680,000","","0","94123","","$699,000","11/03/1997","$226"
"Closed","Single Family Residence","3299 Baker St","$5,800,000","Bay","5","6","0","6,553","$885","1930","12/19/2006","$5,800,000","","0","94123","","$6,000,000","12/08/2006","$885"
"Closed","Single Family Residence","115 Marina Blvd","$1,600,000","Beach","3","2","0","2,250","$711","1936","01/29/2003","$1,600,000","","0","94123","","$1,695,000","01/15/2003","$711"
"Closed","Single Family Residence","3239 Webster St","$2,175,000","Chestnut","3","3","1","2,720","$799","1935","02/04/2005","$2,175,000","","0","94123","","$1,895,000","01/23/2005","$799"
"Closed","Single Family Residence","142 Cervantes","$1,250,000","Avila","4","3","0","2,260","$553","1927","05/04/1999","$1,250,000","","0","94123","","$1,195,000","04/09/1999","$553"
"Closed","Single Family Residence","2015 Jefferson St","$3,400,000","Baker","4","4","0","3,864","$879","1928","01/15/2008","$3,400,000","","0","94123","","$3,500,000","12/14/2007","$879"
"Closed","Single Family Residence","3134 Baker St","$2,100,000","Francisco","3","3","0","2,558","$820","1926","01/03/2008","$2,100,000","","0","94123","","$1,995,000","12/07/2007","$820"
"Closed","Single Family Residence","210 Richardson Ave","$1,800,000","Francisco","4","4","1","2,960","$608","1939","11/16/2005","$1,800,000","","0","94123","","$1,850,000","09/27/2005","$608"
"Closed","Single Family Residence","3743 Scott St","$2,099,000","prado","3","2","1","2,063","$1,017","1926","11/19/2007","$2,099,000","","0","94123","","$2,099,000","10/24/2007","$1,017"
"Canceled","Single Family Residence","2537 Chestnut St","$2,295,000","Broderick","3","2","0","2,300","$997","1938","","","","0","94123","","$2,295,000","","$997"
"Closed","Single Family Residence","130 Retiro Way","$1,850,000","Marina/Fillmore","4","3","1","2,443","$757","1963","11/07/2007","$1,850,000","","0","94123","","$1,725,000","10/03/2007","$757"
"Closed","Single Family Residence","2330 Bay St","$2,890,000","Broderick","3","2","1","2,658","$1,087","1936","09/13/2007","$2,890,000","","0","94123","","$2,495,000","09/04/2007","$1,087"
"Closed","Single Family Residence","142 Cervantes Blvd","$2,360,000","Beach","3","3","0","2,260","$1,044","1927","07/11/2007","$2,360,000","","0","94123","","$2,290,000","06/28/2007","$1,044"
"Closed","Single Family Residence","2209 North Point St","$2,912,500","Divisadero","4","3","1","3,600","$809","1929","07/06/2007","$2,912,500","","0","94123","","$3,095,000","06/22/2007","$809"
"Closed","Single Family Residence","3460 Baker St","$7,950,000","Beach","3","5","1","5,600","$1,419","1927","06/08/2007","$7,950,000","","0","94123","","$7,950,000","06/05/2007","$1,419"
"Closed","Single Family Residence","2370 Francisco St","$2,650,000","Broderick","4","3","1","3,445","$769","1927","06/15/2007","$2,650,000","","0","94123","","$2,650,000","05/16/2007","$769"
"Closed","Single Family Residence","3456 Baker","$1,500,000","Beach","4","2","1","2,500","$600","0","07/02/1998","$1,500,000","","0","94123","","$1,500,000","06/11/1998","$600"
"Closed","Single Family Residence","25 Retiro","$780,000","Rico","3","2","0","2,600","$300","0","06/14/1996","$780,000","","0","94123","","$799,000","05/27/1996","$300"
"Closed","Single Family Residence","2070 Beach","$1,350,000","Scott & Divisadero","4","3","1","2,154","$626","1926","07/20/2001","$1,350,000","","0","94123","","$1,450,000","06/29/2001","$626"
"Canceled","Single Family Residence","3426 Broderick","$2,250,000","Bay","3","4","0","3,250","$692","1932","","","","0","94123","","$2,250,000","","$692"
"Closed","Single Family Residence","1545 Beach St","$1,895,000","Webster","4","3","1","2,800","$676","1935","02/04/2004","$1,895,000","","0","94123","","$1,849,000","01/09/2004","$676"
"Closed","Single Family Residence","3426 Broderick","$2,050,000","Bay","4","4","0","3,250","$630","1932","12/09/2003","$2,050,000","","0","94123","","$2,250,000","10/15/2003","$630"
"Canceled","Single Family Residence","245 Alhambra","$1,999,000","Avila","5","3","1","2,771","$721","0","","","","0","94123","","$1,995,000","","$721"
"Closed","Single Family Residence","3212 Baker St","$2,306,000","Francisco","4","2","1","2,420","$952","1926","03/22/2006","$2,306,000","","0","94123","","$1,995,000","02/24/2006","$952"
"Canceled","Single Family Residence","3340 Baker St","$4,500,000","Bay","3","3","1","2,963","$1,518","1927","","","","0","94123","","$4,999,000","","$1,518"
"Expired","Single Family Residence","2070 Beach","$1,349,000","Divisadero","4","3","1","2,154","$626","0","","","","0","94123","","$1,349,000","","$626"
"Closed","Single Family Residence","260 Avila","$2,100,000","Capra","3","3","1","2,260","$929","1926","11/20/2006","$2,100,000","","0","94123","","$2,189,000","11/09/2006","$929"
"Closed","Single Family Residence","3700 Broderick St","$2,400,000","Jefferson","3","3","1","2,850","$842","1932","11/14/2006","$2,400,000","","0","94123","","$2,495,000","11/09/2006","$842"
"Closed","Single Family Residence","39 Avila","$2,050,000","Chestnut/Alhambra","4","3","0","2,350","$872","1925","09/12/2006","$2,050,000","","0","94123","","$1,995,000","09/08/2006","$872"
"Closed","Single Family Residence","2258 Beach St","$2,600,000","Baker","3","3","1","3,200","$812","1926","10/03/2006","$2,600,000","","0","94123","","$2,850,000","09/30/2006","$812"
"Canceled","Single Family Residence","276 Mallorca Way","$2,995,000","Beach","5","5","0","2,928","$1,022","1924","","","","0","94123","","$3,350,000","","$1,022"
"Closed","Single Family Residence","112 Mallorca Way","$3,275,000","Chestnut","5","4","1","4,700","$696","1924","08/30/2006","$3,275,000","","0","94123","","$3,495,000","08/21/2006","$696"
"Closed","Single Family Residence","3055 Baker","$930,000","Chestnut","4","2","1","2,900","$320","0","08/08/1997","$930,000","","0","94123","","$959,000","08/07/1997","$320"
"Closed","Single Family Residence","75 Rico Way","$2,535,000","Avila and Retiro","4","3","0","2,984","$849","1931","07/10/2006","$2,535,000","","0","94123","","$2,825,000","06/22/2006","$849"
"Closed","Single Family Residence","3426 Broderick St","$2,875,000","Bay","4","4","0","3,250","$884","1932","07/14/2006","$2,875,000","","0","94123","","$2,775,000","05/29/2006","$884"
"Closed","Single Family Residence","2159 Bay St","$3,324,000","Divisadero","4","3","1","4,250","$782","1927","06/15/2006","$3,324,000","","0","94123","","$3,495,000","06/05/2006","$782"
"Closed","Single Family Residence","245 Alhambra St","$2,695,000","Avila","5","3","1","2,865","$940","1924","07/28/2006","$2,695,000","","0","94123","","$2,695,000","07/24/2006","$940"
"Closed","Single Family Residence","3426 Broderick","$1,500,000","Bay","3","3","0","3,250","$461","1932","03/30/1999","$1,500,000","","0","94123","","$1,395,000","03/24/1999","$461"
"Canceled","Single Family Residence","3426 Broderick St","$2,950,000","Bay","4","4","0","3,250","$907","1932","","","","0","94123","","$2,950,000","","$907"
"Expired","Single Family Residence","3159 Baker St","$4,400,000","FRANCISCO","6","4","0","4,023","$1,093","1927","","","","0","94123","","$4,500,000","","$1,093"
"Canceled","Single Family Residence","2140 Jefferson St","$9,000,000","Lyon","5","5","1","7,000","$1,285","1940","","","","0","94123","","$9,000,000","","$1,285"
"Closed","Single Family Residence","2015 Jefferson St","$3,000,000","Broderick/Baker","4","4","0","3,720","$806","1928","11/18/2005","$3,000,000","","0","94123","","$3,000,000","10/17/2005","$806"
"Expired","Single Family Residence","123 Marina Blvd","$1,775,000","Beach","3","2","0","2,050","$865","1936","","","","0","94123","","$1,775,000","","$865"
"Closed","Single Family Residence","245 Alhambra","$1,950,000","Avila","4","2","1","3,400","$573","1924","12/07/2000","$1,950,000","","0","94123","","$1,695,000","10/20/2000","$573"
"Closed","Single Family Residence","3500 Scott St","$2,000,000","Capra","3","3","1","2,679","$746","1956","04/15/2005","$2,000,000","","0","94123","","$2,100,000","04/09/2005","$746"
"Closed","Single Family Residence","74 Cervantes Blvd","$1,795,000","fillmore","3","2","0","2,300","$780","1925","11/18/2004","$1,795,000","","0","94123","","$1,695,000","11/12/2004","$780"
"Closed","Single Family Residence","210 Richardson Ave","$1,550,000","Francisco","4","4","1","2,960","$523","1939","10/27/2004","$1,550,000","","0","94123","","$1,488,000","10/17/2004","$523"
"Closed","Single Family Residence","3627 Broderick","$2,310,000","Jefferson/Beach","4","3","1","3,721","$620","1927","10/08/2004","$2,310,000","","0","94123","","$2,100,000","10/06/2004","$620"
"Closed","Single Family Residence","831 Marina Blvd","$2,265,000","Baker","3","3","1","2,420","$935","1938","10/04/2004","$2,265,000","","0","94123","","$2,390,000","09/24/2004","$935"
"Expired","Single Family Residence","74 Cervantes Blvd","$1,799,000","Beach","3","2","0","2,300","$782","1925","","","","0","94123","","$1,855,000","","$782"
"Canceled","Single Family Residence","2537 Chestnut St","$1,800,000","Divisadero/Richardson","3","2","0","2,300","$782","1938","","","","0","94123","","$1,800,000","","$782"
"Canceled","Single Family Residence","74 Cervantes Blvd","$1,895,000","Beach","3","2","0","2,500","$758","1925","","","","0","94123","","$1,895,000","","$758"
"Closed","Single Family Residence","85 Rico Way","$2,300,000","Avila","4","3","1","3,378","$680","1940","05/14/2004","$2,300,000","","0","94123","","$2,950,000","04/23/2004","$680"
"Closed","Single Family Residence","821 Marina Blvd","$2,265,000","Baker","5","4","1","3,418","$662","1938","03/30/2004","$2,265,000","","0","94123","","$2,445,000","02/24/2004","$662"
"Closed","Single Family Residence","3700 Broderick St","$2,170,000","Jefferson","3","2","1","2,575","$842","0","02/17/2004","$2,170,000","","0","94123","","$2,200,000","02/02/2004","$842"
"Canceled","Single Family Residence","145 Mallorca","$1,595,000","Toledo","4","2","1","2,980","$535","1929","","","","0","94123","","$1,795,000","","$535"
"Expired","Single Family Residence","3159 Baker","$2,999,000","Francisco","6","4","0","4,000","$749","0","","","","0","94123","","$2,999,000","","$749"
"Canceled","Single Family Residence","3159 Baker","$2,999,000","Francisco","6","4","0","4,000","$749","1927","","","","0","94123","","$3,399,000","","$749"
"Expired","Single Family Residence","3700 Broderick St","$2,500,000","Jefferson","3","3","1","2,822","$885","0","","","","0","94123","","$2,500,000","","$885"
"Canceled","Single Family Residence","3621 Broderick","$1,399,000","Jefferson","4","2","1","2,885","$484","1927","","","","0","94123","","$1,495,000","","$484"
"Expired","Single Family Residence","3700 Broderick St","$2,500,000","Jefferson","3","3","1","2,822","$885","0","","","","0","94123","","$3,000,000","","$885"
"Canceled","Single Family Residence","831 Marina Blvd","$2,400,000","Baker","3","3","1","2,420","$991","1938","","","","0","94123","","$2,400,000","","$991"
"Closed","Single Family Residence","2209 North Point St","$1,625,000","Divisadero/Broderick","3","3","1","3,600","$451","1929","04/03/2003","$1,625,000","","0","94123","","$1,795,000","03/12/2003","$451"
"Closed","Single Family Residence","3456 Baker","$2,350,000","Beach","4","2","1","3,500","$671","1927","08/05/2003","$2,350,000","","0","94123","","$3,150,000","07/08/2003","$671"
"Closed","Single Family Residence","3430 Baker","$1,800,000","Jefferson St.","4","3","0","2,550","$705","1928","07/09/2003","$1,800,000","","0","94123","","$2,995,000","04/24/2003","$705"
"Closed","Single Family Residence","2737 Divisadero","$4,795,000","Vallejo","4","4","1","5,600","$856","0","04/01/2003","$4,795,000","","0","94123","","$5,495,000","03/10/2003","$856"
"Canceled","Single Family Residence","3456 Baker","$3,150,000","Beach","4","2","1","3,200","$984","1927","","","","0","94123","","$3,500,000","","$984"
"Closed","Single Family Residence","145 Mallorca","$1,500,000","Toledo","4","2","1","2,980","$503","1929","01/29/2003","$1,500,000","","0","94123","","$1,595,000","01/11/2003","$503"
"Closed","Single Family Residence","45 Prado","$1,800,000","Cervantes","3","3","1","3,400","$529","0","01/24/2003","$1,800,000","","0","94123","","$1,995,000","12/20/2002","$529"
"Expired","Single Family Residence","2737 Divisadero","$5,495,000","Vallejo","4","4","1","5,600","$981","1914","","","","0","94123","","$5,495,000","","$981"
"Closed","Single Family Residence","145 Richardson","$1,000,000","Chestnut","4","3","1","3,390","$294","1934","06/14/2002","$1,000,000","","0","94123","","$995,000","05/06/2002","$294"
"Closed","Single Family Residence","74 Cervantes","$1,435,000","Beach","3","2","0","2,050","$700","1925","10/02/2002","$1,435,000","","0","94123","","$1,395,000","09/08/2002","$700"
"Canceled","Single Family Residence","2740 Divisadero","$5,295,000","Green","5","3","1","4,930","$1,074","1915","","","","0","94123","","$5,295,000","","$1,074"
"Closed","Single Family Residence","158 Cervantes","$1,770,000","Prado","3","3","1","2,500","$708","1927","06/21/2002","$1,770,000","","0","94123","","$1,495,000","05/29/2002","$708"
"Closed","Single Family Residence","3724 Divisadero","$1,495,000","Beach","3","2","1","2,417","$618","1926","05/21/2002","$1,495,000","","0","94123","","$1,295,000","05/01/2002","$618"
"Closed","Single Family Residence","75 Rico","$1,925,000","Avila-retiro","4","3","0","2,121","$907","0","04/30/2002","$1,925,000","","0","94123","","$1,850,000","04/02/2002","$907"
"Closed","Single Family Residence","245 Mallorca","$2,555,000","Cervantes","5","4","1","4,200","$608","1941","03/26/2002","$2,555,000","","0","94123","","$2,450,000","03/19/2002","$608"
"Closed","Single Family Residence","74 Cervantes","$1,025,000","Beach/Alhambra","3","2","0","2,050","$500","1925","03/29/2002","$1,025,000","","0","94123","","$998,000","03/02/2002","$500"
"Closed","Single Family Residence","2130 Jefferson","$3,100,000","Lyon","3","2","0","2,216","$1,398","1940","12/31/2001","$3,100,000","","0","94123","","$3,000,000","12/27/2001","$1,398"
"Canceled","Single Family Residence","2760 Divisadero","$5,950,000","Green","5","4","1","4,534","$1,312","1915","","","","0","94123","","$5,950,000","","$1,312"
"Canceled","Single Family Residence","44 Toledo","$1,549,000","Malorca","3","3","0","3,100","$499","1929","","","","0","94123","","$1,595,000","","$499"
"Canceled","Single Family Residence","3456 Baker","$3,500,000","Beach","4","2","1","3,500","$1,000","1927","","","","0","94123","","$3,500,000","","$1,000"
"Closed","Single Family Residence","265 Avila","$1,150,000","Beach & Capra","3","2","0","2,121","$542","1926","07/30/2001","$1,150,000","","0","94123","","$1,199,000","07/01/2001","$542"
"Expired","Single Family Residence","87 Cervantes","$1,800,000","Fillmore","3","3","1","2,415","$745","1925","","","","0","94123","","$1,800,000","","$745"
"Closed","Single Family Residence","1331 Francisco","$2,200,000","Gough","3","2","1","2,674","$822","1923","11/16/2000","$2,200,000","","0","94123","","$1,800,000","10/11/2000","$822"
"Closed","Single Family Residence","3520 Baker","$3,350,000","Beach","4","3","1","3,200","$1,046","1928","01/10/2001","$3,350,000","","0","94123","","$3,250,000","11/21/2000","$1,046"
"Closed","Single Family Residence","2555 Chestnut","$1,220,000","Broderick","3","2","1","2,250","$542","1939","02/06/2001","$1,220,000","","0","94123","","$1,195,000","01/15/2001","$542"
"Canceled","Single Family Residence","3426 Broderick","$1,975,000","North Point","3","4","0","3,250","$607","1932","","","","0","94123","","$1,975,000","","$607"
"Expired","Single Family Residence","2555 Chestnut","$995,000","Lombard","3","2","1","2,250","$442","1939","","","","0","94123","","$1,048,888","","$442"
"Closed","Single Family Residence","2034 Beach","$975,000","Scott","3","3","0","2,225","$438","1926","08/11/2000","$975,000","","0","94123","","$975,000","07/13/2000","$438"
"Closed","Single Family Residence","260 Avila","$957,000","Beach","3","3","1","2,260","$423","1926","01/04/2000","$957,000","","0","94123","","$799,000","11/29/1999","$423"
"Canceled","Single Family Residence","3530 Webster","$1,450,000","North Point","3","2","1","4,375","$331","1937","","","","0","94123","","$1,450,000","","$331"
"Closed","Single Family Residence","2459 Francisco","$880,000","Baker","5","2","0","2,250","$391","1926","06/23/1999","$880,000","","0","94123","","$875,000","05/21/1999","$391"
"Closed","Single Family Residence","3456 Baker","$1,867,500","Beach","4","2","1","2,493","$749","1927","07/27/1999","$1,867,500","","0","94123","","$1,900,000","07/02/1999","$749"
"Canceled","Single Family Residence","3456 Baker","$1,995,000","Beach","4","2","1","2,500","$798","1927","","","","0","94123","","$0","","$798"
"Closed","Single Family Residence","3715 Broderick","$711,000","Jefferson & Marina","3","2","1","2,065","$344","1929","10/04/1996","$711,000","","0","94123","","$699,000","09/30/1996","$344"
"Closed","Single Family Residence","278 Mallorca","$800,000","Cervantes","3","2","1","2,175","$367","1925","10/13/1998","$800,000","","0","94123","","$849,000","08/14/1998","$367"
"Closed","Single Family Residence","3337 Broderick","$785,000","Francisco","3","2","0","2,500","$314","0","06/16/1998","$785,000","","0","94123","","$799,000","06/08/1998","$314"
"Closed","Single Family Residence","3134 Baker","$635,000","Francisco","3","3","0","2,558","$248","0","03/14/1997","$635,000","","0","94123","","$649,000","03/04/1997","$248"
"Closed","Single Family Residence","45 Prado","$820,000","Cervantes","3","3","0","2,200","$372","1927","10/22/1997","$820,000","","0","94123","","$829,000","10/02/1997","$372"
"Canceled","Single Family Residence","45 Prado","$829,000","Cervantes","3","3","0","2,200","$376","1927","","","","0","94123","","$890,000","","$376"
"Expired","Single Family Residence","3200 Baker","$790,000","Francisco","4","3","1","2,100","$376","1926","","","","0","94123","","$0","","$376"
"Expired","Single Family Residence","3460 Baker","$1,118,000","Beach","4","3","0","3,000","$372","0","","","","0","94123","","$1,250,000","","$372"
"Closed","Single Family Residence","133 Richardson","$460,000","Chestnut","3","3","0","2,323","$198","0","03/28/1996","$460,000","","0","94123","","$485,000","01/19/1996","$198"
"Canceled","Single Family Residence","133 Richardson","$485,000","Cervantes","3","3","0","2,323","$208","0","","","","0","94123","","$0","","$208"
"Closed","Single Family Residence","2652 Chestnut","$678,000","Baker And Lyon","4","3","0","3,000","$226","1924","10/24/1995","$678,000","","0","94123","","$678,000","10/24/1995","$226"
"Expired","Single Family Residence","2144 Beach","$700,000","Broderick","4","3","1","3,575","$195","1937","","","","0","","","$739,000","","$195"
"Closed","Single Family Residence","2949 Divisadero","$1,155,000","Filbert & Union","3","2","1","3,500","$330","1913","04/26/1994","$1,155,000","","0","94123","","$1,155,000","03/11/1994","$330"
"Closed","Single Family Residence","250 Alhambra","$795,000","Avila","4","2","1","3,300","$240","1928","07/15/1994","$795,000","","0","","","$795,000","06/25/1994","$240"
"Closed","Single Family Residence","116 Avila St","$4,500,000","Alhambra/Capra","3","2","1","2,474","$1,818","0","06/16/2023","$4,500,000","","0","94123","","$4,495,000","05/10/2023","$1,818"
"Closed","Single Family Residence","3159 Baker St","$3,600,000","Francisco","6","4","0","4,680","$769","1927","06/01/2023","$3,600,000","","0","94123","0","$3,499,000","05/28/2023","$769"
"Duplicate Canceled","Single Family Residence","155 Avila St","$2,500,000","Capra Way","3","2","1","3,217","$777","1926","","","","0","94123","0","$2,500,000","","$777"
"Closed","Single Family Residence","112 Mallorca Way","$4,845,000","","5","4","1","4,810","$1,007","1924","04/19/2019","$4,845,000","","0","94123","0","","03/21/2019","$1,007"
"Withdrawn/Canceled","Single Family Residence","3723 Divisadero Street","$5,350,000","","7","5","0","4,378","$1,222","1992","","","","0","94123","0","","","$1,222"
"Withdrawn/Canceled","Single Family Residence","3723 Divisadero Street","$5,350,000","","7","5","0","4,370","$1,224","1992","","","","3","94123","0","","","$1,224"
"Closed","Single Family Residence","230 Capra Way","$1,900,000","","3","2","0","2,140","$887","1956","10/16/2013","$1,900,000","","0","94123","0","","10/11/2013","$887"
"Closed","Single Family Residence","112 Mallorca Way","$4,845,000","","5","4","1","4,810","$1,007","1924","04/19/2019","$4,845,000","","2","94123","","","04/03/2019","$1,007"
"Closed","Single Family Residence","12 Rico Way","$3,190,000","","4","3","0","2,453","$1,300","1925","06/27/2014","$3,190,000","","0","94123","","","06/25/2014","$1,300"
"Closed","Single Family Residence","336 Avila","$2,610,000","","3","3","0","2,050","$1,273","1924","02/20/2015","$2,610,000","","0","94123","0","","02/12/2015","$1,273"
"Cancelled","Detached","2537 CHESTNUT ST.","$1,800,000","","3","2","0","2,300","$782","1938","","","","2","94123","0","","","$782"
"Canceled","Single Family Residence","47 Magnolia St","$4,380,000","Laguna","4","3","1","2,700","$1,622","0","","","","0","94123","0","$4,380,000","","$1,622"
"Canceled","Single Family Residence","75 Rico Way","$4,595,000","Avila","4","3","0","3,015","$1,524","0","","","","0","94123","0","$4,595,000","","$1,524"
"Canceled","Single Family Residence","148 Alhambra St","$4,500,000","Mallorca","4","3","1","2,638","$1,705","1925","","","","0","94123","0","$4,500,000","","$1,705"
"Canceled","Single Family Residence","3159 Baker St","$3,499,000","Francisco","6","4","0","4,680","$747","0","","","","0","94123","","$4,375,000","","$747"
"Cancelled","Detached","2537 CHESTNUT STREET","$2,295,000","","4","2","0","2,300","$997","1938","","","","2","94123","0","","","$997"
"Canceled","Single Family Residence","2161 North Point St","$3,950,000","Divisadero","3","4","0","3,015","$1,310","1926","","","","0","94123","0","$3,950,000","","$1,310"
"Closed","Single Family Residence","112 Mallorca Way","$5,680,000","Alhambra","5","4","1","4,810","$1,180","0","08/15/2023","$5,680,000","","0","94123","0","$7,599,000","07/17/2023","$1,180"
"Duplicate Canceled","Single Family Residence","1557 Francisco St","$8,500,000","Laguna St","6","6","3","6,350","$1,338","1927","","","","0","94123","0","$8,500,000","11/21/2022","$1,338"
"Closed","3+ Houses on Lot","1747 Chestnut St","$3,520,000","Laguna","5","4","0","3,607","$975","1952","12/23/2022","$3,520,000","","0","94123","0","$2,999,000","11/03/2022","$975"
"Canceled","Single Family Home","268 Avila Street","$4,200,000","","4","2","1","2,640","$1,590","1926","","","","2","94123","0","$4,200,000","","$1,590"
"Closed","Single Family Residence","3107 Franklin St","$3,200,000","Bay St","3","3","2","2,295","$1,394","1922","12/02/2022","$3,200,000","","0","94123","0","$3,700,000","11/17/2022","$1,394"
"Closed","Single Family Residence","3627 Broderick St","$4,631,250","Jefferson","4","3","1","3,688","$1,255","1927","10/06/2022","$4,631,250","","0","94123","0","$4,750,000","09/30/2022","$1,255"
"Closed","Single Family Residence","30 Retiro Way","$3,300,000","Beach","3","2","1","2,630","$1,254","0","09/30/2022","$3,300,000","","0","94123","0","$3,250,000","09/09/2022","$1,254"
"Closed","Single Family Residence","3140 Baker St","$3,200,000","Francisco","4","2","1","2,489","$1,285","1928","05/14/2021","$3,200,000","","0","94123","0","$2,500,000","04/14/2021","$1,285"
"Closed","Single Family Residence","122 Avila","$3,900,000","Alhambra","3","2","1","2,760","$1,413","0","04/27/2021","$3,900,000","","0","94123","0","$4,000,000","04/16/2021","$1,413"
"Closed","Single Family Residence","71 Rico Way","$4,810,000","Avila","3","2","1","2,630","$1,828","0","04/09/2021","$4,810,000","","0","94123","0","$3,800,000","03/30/2021","$1,828"
"Closed","Single Family Residence","2479 Francisco St","$4,995,000","Baker","4","3","1","2,867","$1,742","1927","03/19/2021","$4,995,000","","0","94123","0","$4,995,000","03/13/2021","$1,742"
"Closed","Single Family Residence","138 Cervantes Blvd","$3,250,000","Beach","3","2","1","2,260","$1,438","0","03/15/2021","$3,250,000","","0","94123","","$2,598,000","02/22/2021","$1,438"
"Closed","Single Family Residence","2209 North Point St","$3,850,000","Divisadero","4","3","1","3,774","$1,020","1929","03/02/2021","$3,850,000","","0","94123","0","$3,750,000","02/22/2021","$1,020"
"Closed","Single Family Residence","3130 Baker St","$2,670,000","Richardson Ave","3","3","0","2,442","$1,093","1926","03/03/2021","$2,670,000","","0","94123","0","$2,295,000","02/23/2021","$1,093"
"Closed","Single Family Residence","130 Retiro Way","$3,995,000","Marina Blvd/Fillmore","4","3","1","2,770","$1,442","1963","03/11/2021","$3,995,000","","0","94123","0","$3,995,000","02/15/2021","$1,442"
"Closed","Single Family Residence","336 Avila St","$4,400,000","Prado","5","4","1","3,645","$1,207","0","06/08/2020","$4,400,000","","0","94123","0","$4,995,000","06/01/2020","$1,207"
"Closed","Single Family Residence","1561 Beach St","$2,540,000","Buchanan Street","3","2","0","2,055","$1,236","1932","01/28/2021","$2,540,000","","0","94123","0","$2,400,000","01/21/2021","$1,236"
"Closed","Single Family Residence","3166 Baker St","$3,050,000","Francisco","3","3","1","2,020","$1,509","1926","01/21/2021","$3,050,000","","0","94123","0","$2,995,000","01/13/2021","$1,509"
"Canceled","Single Family Residence","3520 Baker St","$5,795,000","Beach Street","4","3","1","3,051","$1,899","1928","","","","0","94123","0","$5,900,000","","$1,899"
"Closed","Single Family Residence","815 Marina Blvd","$4,320,000","Baker","4","3","1","3,230","$1,337","1936","12/31/2020","$4,320,000","","0","94123","0","$4,998,000","12/15/2020","$1,337"
"Sold","Single Family Home","3239 Webster Street","$4,200,000","","3","3","1","2,720","$1,544","1935","01/26/2022","$4,200,000","","3","94123","0","$5,195,000","01/12/2022","$1,544"
"Canceled","Single Family Home","199 Marina Boulevard","$5,499,888","","4","3","","2,897","$1,898","1937","","","","2","94123","0","$4,999,888","","$1,898"
"Sold","Detached","3520 Baker St","$5,800,000","","3","3","0","3,051","$1,901","1928","08/05/2021","$5,800,000","","2","94123","0","","07/05/2021","$1,901"
"Sold","Detached","2100 Jefferson St","$12,500,000","","5","4","1","6,000","$2,083","1927","02/26/2021","$12,500,000","","2","94123","0","","02/03/2021","$2,083"
"Closed","Single Family Residence","2266 Bay St","$7,700,000","Broderick","5","5","1","4,869","$1,581","1968","06/08/2022","$7,700,000","","0","94123","0","$7,500,000","05/29/2022","$1,581"
"Canceled","Single Family Residence","1557 Francisco St","$9,830,000","Laguna","6","6","3","6,350","$1,548","1927","","","","0","94123","0","$9,830,000","","$1,548"
"Canceled","Single Family Residence","3107 Franklin St","$3,998,000","Francisco Street","3","3","2","2,362","$1,692","1922","","","","0","94123","0","$3,998,000","","$1,692"
"Expired","Other Residential","1633 Beach Street","$2,950,000","","3","3","","2,200","$1,340","1935","","","","1","94123","0","$2,950,000","","$1,340"
"Canceled","Single Family Residence","47 Magnolia St","$4,949,000","Laguna","4","3","1","2,700","$1,832","0","","","","0","94123","0","$5,429,000","","$1,832"
"Closed","Single Family Residence","318 Avila St","$4,000,000","Capra","4","3","0","2,379","$1,681","1925","04/20/2022","$4,000,000","","0","94123","0","$3,750,000","04/13/2022","$1,681"
"Closed","Single Family Residence","138 Avila St","$4,600,000","Alhambra Street","3","2","1","2,549","$1,804","1924","03/16/2022","$4,600,000","","0","94123","0","$3,995,000","02/19/2022","$1,804"
"Closed","Single Family Residence","3642 Webster St","$3,500,000","Beach St","3","2","2","2,245","$1,559","1932","03/09/2022","$3,500,000","","0","94123","0","$2,499,000","02/17/2022","$1,559"
"Closed","Single Family Residence","3235 Webster St","$3,855,000","Chestnut St","3","2","0","2,460","$1,567","1935","03/08/2022","$3,855,000","","0","94123","0","$3,595,000","02/15/2022","$1,567"
"Closed","Single Family Residence","3750 Divisadero St","$4,637,500","Jefferson","3","3","1","3,490","$1,328","1927","02/22/2022","$4,637,500","","0","94123","0","$4,195,000","02/03/2022","$1,328"
"Closed","Single Family Residence","1632 North Point St","$3,495,000","Buchanan","4","2","1","2,355","$1,484","1931","03/11/2022","$3,495,000","","0","94123","0","$3,495,000","02/15/2022","$1,484"
"Closed","Single Family Residence","3253 Baker St","$3,600,000","Bay","4","3","0","2,405","$1,496","1928","01/18/2022","$3,600,000","","0","94123","0","$3,500,000","12/17/2021","$1,496"
"Closed","Single Family Residence","3741 Scott St","$3,700,000","Jefferson","3","3","1","2,653","$1,394","1926","12/27/2021","$3,700,000","","0","94123","0","$3,495,000","11/08/2021","$1,394"
"Closed","Single Family Residence","284 Mallorca Way","$3,000,000","Beach","3","3","1","2,170","$1,382","0","11/09/2021","$3,000,000","","0","94123","","$2,495,000","10/22/2021","$1,382"
"Closed","Single Family Residence","2561 Chestnut St","$2,386,000","Broderick","4","2","1","2,336","$1,021","1939","10/26/2021","$2,386,000","","0","94123","0","$1,995,000","10/08/2021","$1,021"
"Closed","Single Family Residence","3134 Baker St","$3,495,000","Richardson Ave","3","3","0","2,905","$1,203","1926","11/19/2021","$3,495,000","","0","94123","0","$3,495,000","10/22/2021","$1,203"
"Closed","Single Family Residence","158 Cervantes Blvd","$4,975,000","Beach/Prado","4","3","1","3,255","$1,528","0","11/04/2021","$4,975,000","","0","94123","0","$4,795,000","10/07/2021","$1,528"
"Closed","Single Family Residence","2479 Francisco Street","$4,600,000","","4","3","1","2,867","$1,604","1927","10/15/2020","$4,600,000","","0","94123","0","","09/28/2020","$1,604"
"Closed","Single Family Residence","3321 Pierce Street","$3,700,000","","3","3","0","2,789","$1,326","1924","06/21/2021","$3,700,000","","0","94123","0","","05/19/2021","$1,326"
"Withdrawn/Canceled","Single Family Residence","284 Mallorca Way","$2,895,000","","4","3","1","2,217","$1,305","1929","","","","0","94123","0","","","$1,305"
"Closed","Single Family Residence","196 Avila St","$6,000,000","Capra way","3","3","1","3,335","$1,799","0","11/04/2021","$6,000,000","","0","94123","0","$6,195,000","10/25/2021","$1,799"
"Closed","Single Family Residence","35 Rico Way","$3,335,000","Retiro Way & Avila","3","3","0","2,245","$1,485","0","10/25/2021","$3,335,000","","0","94123","0","$2,600,000","09/24/2021","$1,485"
"Closed","Single Family Residence","1446 Francisco St","$7,000,000","Octavia St","4","3","1","3,800","$1,842","1923","10/04/2021","$7,000,000","","0","94123","0","$6,800,000","09/26/2021","$1,842"
"Canceled","Single Family Residence","2920 Franklin St","$6,125,000","Chestnut","5","5","1","4,665","$1,312","2019","","","","0","94123","0","$6,250,000","","$1,312"
"Closed","Single Family Residence","2225 Bay St","$2,900,000","Divisidero","3","2","1","2,816","$1,029","0","11/08/2021","$2,900,000","","0","94123","0","$2,995,000","10/12/2021","$1,029"
"Closed","Single Family Residence","3108 Franklin St","$4,228,888","Francisco","3","3","1","2,395","$1,765","1922","10/06/2021","$4,228,888","","0","94123","0","$3,698,000","09/22/2021","$1,765"
"Closed","Single Family Residence","55 Retiro Way","$3,495,000","Rico Way","6","3","0","3,050","$1,145","1927","12/06/2021","$3,495,000","","0","94123","0","$3,890,000","11/12/2021","$1,145"
"Closed","Single Family Residence","45 Capra Way","$9,350,000","Mallorca","4","5","1","5,625","$1,662","0","09/10/2021","$9,350,000","","0","94123","0","$10,300,000","09/01/2021","$1,662"
"Canceled","Single Family Residence","2225 Bay St","$3,295,000","Divisidero","3","2","1","2,816","$1,170","0","","","","0","94123","0","$3,295,000","","$1,170"
"Closed","Single Family Residence","333 Avila St","$3,660,000","Prado","4","3","0","2,763","$1,324","1924","08/10/2021","$3,660,000","","0","94123","0","$3,495,000","07/16/2021","$1,324"
"Closed","Single Family Residence","3124 Gough St","$3,900,000","Chestnut","4","3","0","2,463","$1,583","1923","07/14/2021","$3,900,000","","0","94123","0","$3,900,000","07/01/2021","$1,583"
"Duplicate Canceled","Single Family Residence","3520 Baker St","$5,895,000","Beach Street","4","3","1","3,051","$1,932","1928","","","","0","94123","0","$5,895,000","07/01/2021","$1,932"
"Closed","Single Family Residence","3055 Baker St","$3,600,000","Chestnut","4","2","1","2,900","$1,241","1926","07/30/2021","$3,600,000","","0","94123","0","$3,395,000","06/30/2021","$1,241"
"Closed","Single Family Residence","210 Richardson Ave","$2,750,000","Francisco Street","4","3","1","2,839","$968","1939","07/12/2021","$2,750,000","","0","94123","","$2,495,000","06/11/2021","$968"
"Closed","Single Family Residence","1970 Jefferson St","$5,050,000","Broderick","5","3","1","3,632","$1,390","1946","07/15/2021","$5,050,000","","0","94123","0","$4,795,000","07/08/2021","$1,390"
"Closed","Single Family Residence","3430 Baker St","$5,800,000","North Point & Beach","4","4","0","2,915","$1,989","1928","06/18/2021","$5,800,000","","0","94123","0","$5,490,000","06/08/2021","$1,989"
"Canceled","Single Family Residence","112 Mallorca Way","$6,595,000","Chestnut","5","5","0","4,810","$1,371","1924","","","","0","94123","0","$6,595,000","","$1,371"
"Closed","Single Family Residence","3315 Pierce St","$3,200,000","Chestnut","3","3","0","2,255","$1,419","1925","06/10/2021","$3,200,000","","0","94109","0","$2,895,000","05/15/2021","$1,419"
"Closed","Single Family Residence","1410 Jefferson St","$4,600,000","Fillmore Street","4","3","2","3,023","$1,521","1931","06/09/2021","$4,600,000","","0","94123","","$3,850,000","05/21/2021","$1,521"